,title,link,source,text,date
0,Î Î¹Î¬ÏƒÎµ ... Î»Î±ÏŠÎºÎ¬ - 85 Ï„ÏÎ±Î³Î¿ÏÎ´Î¹Î± Ï€Î¿Ï… Î­Î³ÏÎ±ÏˆÎ±Î½ Î¹ÏƒÏ„Î¿ÏÎ¯Î± (by Linda's Music Dream),https://www.youtube.com/watch?v=QY3AYFikM6I&pp=ygUjzrXOu867zrfOvc65zrrOsSDPhM-BzrHOs86_z4XOtM65zrE%3D,song, greetings to all of you USA Zacharias Papanicolaou greetings thrylos  pane pane ellada ,2023-09-27
1,Î Î¹Î¬ÏƒÎµ ... Î»Î±ÏŠÎºÎ¬ - 85 Ï„ÏÎ±Î³Î¿ÏÎ´Î¹Î± Ï€Î¿Ï… Î­Î³ÏÎ±ÏˆÎ±Î½ Î¹ÏƒÏ„Î¿ÏÎ¯Î± (by Linda's Music Dream),https://www.youtube.com/watch?v=QY3AYFikM6I&pp=ygUjzrXOu867zrfOvc65zrrOsSDPhM-BzrHOs86_z4XOtM65zrE%3D,song,Thnks,2023-07-27
2,Î Î¹Î¬ÏƒÎµ ... Î»Î±ÏŠÎºÎ¬ - 85 Ï„ÏÎ±Î³Î¿ÏÎ´Î¹Î± Ï€Î¿Ï… Î­Î³ÏÎ±ÏˆÎ±Î½ Î¹ÏƒÏ„Î¿ÏÎ¯Î± (by Linda's Music Dream),https://www.youtube.com/watch?v=QY3AYFikM6I&pp=ygUjzrXOu867zrfOvc65zrrOsSDPhM-BzrHOs86_z4XOtM65zrE%3D,song,Fairuz,2023-07-27
3,Î¤Î‘ Î£Î Î‘ÎœÎ• Î•Î›Î›Î—ÎÎ™ÎšÎ‘ | KONSTANTINOS SOT,https://www.youtube.com/watch?v=-HrCOFXMUx8&pp=ygUjzrXOu867zrfOvc65zrrOsSDPhM-BzrHOs86_z4XOtM65zrE%3D,song,"Greetings from phonix coast
 ( lattakia - syria) ğŸ‡¬ğŸ‡·ğŸ‡¸ğŸ‡¾ 
we love greek songs ... posoagabw ",2023-01-27
4,Î¤Î‘ Î£Î Î‘ÎœÎ• Î•Î›Î›Î—ÎÎ™ÎšÎ‘ | KONSTANTINOS SOT,https://www.youtube.com/watch?v=-HrCOFXMUx8&pp=ygUjzrXOu867zrfOvc65zrrOsSDPhM-BzrHOs86_z4XOtM65zrE%3D,song,Songs is stupend...I love Greece from Italy,2023-01-27
5,Î¤Î‘ Î£Î Î‘ÎœÎ• Î•Î›Î›Î—ÎÎ™ÎšÎ‘ | KONSTANTINOS SOT,https://www.youtube.com/watch?v=-HrCOFXMUx8&pp=ygUjzrXOu867zrfOvc65zrrOsSDPhM-BzrHOs86_z4XOtM65zrE%3D,song,"Happy New Year Greek friends, music inspires to dance, let's dance and sing in the New Year. lots of kisses from Serbia ğŸ‡¬ğŸ‡·ğŸ‡·ğŸ‡¸",2023-01-27
6,Î¤Î‘ Î£Î Î‘ÎœÎ• Î•Î›Î›Î—ÎÎ™ÎšÎ‘ | KONSTANTINOS SOT,https://www.youtube.com/watch?v=-HrCOFXMUx8&pp=ygUjzrXOu867zrfOvc65zrrOsSDPhM-BzrHOs86_z4XOtM65zrE%3D,song,Kosta thank you so much. From New Jersey USA.,2023-09-27
7,Î¤Î‘ Î£Î Î‘ÎœÎ• Î•Î›Î›Î—ÎÎ™ÎšÎ‘ | KONSTANTINOS SOT,https://www.youtube.com/watch?v=-HrCOFXMUx8&pp=ygUjzrXOu867zrfOvc65zrrOsSDPhM-BzrHOs86_z4XOtM65zrE%3D,song,Bellisimo!Grazieee!,2023-10-27
8,Î¤Î‘ Î£Î Î‘ÎœÎ• Î•Î›Î›Î—ÎÎ™ÎšÎ‘ | KONSTANTINOS SOT,https://www.youtube.com/watch?v=-HrCOFXMUx8&pp=ygUjzrXOu867zrfOvc65zrrOsSDPhM-BzrHOs86_z4XOtM65zrE%3D,song,,2023-10-27
9,Î¤Î‘ Î£Î Î‘ÎœÎ• Î•Î›Î›Î—ÎÎ™ÎšÎ‘ | KONSTANTINOS SOT,https://www.youtube.com/watch?v=-HrCOFXMUx8&pp=ygUjzrXOu867zrfOvc65zrrOsSDPhM-BzrHOs86_z4XOtM65zrE%3D,song,Wish all a Happy new year ï¸,2023-01-27
10,Î¤Î‘ Î£Î Î‘ÎœÎ• Î•Î›Î›Î—ÎÎ™ÎšÎ‘ | KONSTANTINOS SOT,https://www.youtube.com/watch?v=-HrCOFXMUx8&pp=ygUjzrXOu867zrfOvc65zrrOsSDPhM-BzrHOs86_z4XOtM65zrE%3D,song,,2023-05-27
11,Î¤Î‘ Î£Î Î‘ÎœÎ• Î•Î›Î›Î—ÎÎ™ÎšÎ‘ | KONSTANTINOS SOT,https://www.youtube.com/watch?v=-HrCOFXMUx8&pp=ygUjzrXOu867zrfOvc65zrrOsSDPhM-BzrHOs86_z4XOtM65zrE%3D,song,,2023-10-27
12,Î¤Î‘ Î£Î Î‘ÎœÎ• Î•Î›Î›Î—ÎÎ™ÎšÎ‘ | KONSTANTINOS SOT,https://www.youtube.com/watch?v=-HrCOFXMUx8&pp=ygUjzrXOu867zrfOvc65zrrOsSDPhM-BzrHOs86_z4XOtM65zrE%3D,song,  ,2023-02-27
13,Î¤Î‘ Î£Î Î‘ÎœÎ• Î•Î›Î›Î—ÎÎ™ÎšÎ‘ | KONSTANTINOS SOT,https://www.youtube.com/watch?v=-HrCOFXMUx8&pp=ygUjzrXOu867zrfOvc65zrrOsSDPhM-BzrHOs86_z4XOtM65zrE%3D,song,Superr.... bravo...muakisdss,2023-03-27
14,Î¤Î‘ Î£Î Î‘ÎœÎ• Î•Î›Î›Î—ÎÎ™ÎšÎ‘ | KONSTANTINOS SOT,https://www.youtube.com/watch?v=-HrCOFXMUx8&pp=ygUjzrXOu867zrfOvc65zrrOsSDPhM-BzrHOs86_z4XOtM65zrE%3D,song,,2023-10-27
15,Î¤Î‘ Î£Î Î‘ÎœÎ• Î•Î›Î›Î—ÎÎ™ÎšÎ‘ | KONSTANTINOS SOT,https://www.youtube.com/watch?v=-HrCOFXMUx8&pp=ygUjzrXOu867zrfOvc65zrrOsSDPhM-BzrHOs86_z4XOtM65zrE%3D,song,these ten song track lists are useless. Can you provide a complete track list please?,2023-11-20
16,Î¤Î‘ Î£Î Î‘ÎœÎ• Î•Î›Î›Î—ÎÎ™ÎšÎ‘ | KONSTANTINOS SOT,https://www.youtube.com/watch?v=-HrCOFXMUx8&pp=ygUjzrXOu867zrfOvc65zrrOsSDPhM-BzrHOs86_z4XOtM65zrE%3D,song,,2023-06-27
17,Î¤Î‘ Î£Î Î‘ÎœÎ• Î•Î›Î›Î—ÎÎ™ÎšÎ‘ | KONSTANTINOS SOT,https://www.youtube.com/watch?v=-HrCOFXMUx8&pp=ygUjzrXOu867zrfOvc65zrrOsSDPhM-BzrHOs86_z4XOtM65zrE%3D,song,What is the song at 32:20?,2023-10-27
18,Î¤Î‘ Î£Î Î‘ÎœÎ• Î•Î›Î›Î—ÎÎ™ÎšÎ‘ | KONSTANTINOS SOT,https://www.youtube.com/watch?v=-HrCOFXMUx8&pp=ygUjzrXOu867zrfOvc65zrrOsSDPhM-BzrHOs86_z4XOtM65zrE%3D,song,,2023-10-27
19,Î¤Î‘ Î£Î Î‘ÎœÎ• Î•Î›Î›Î—ÎÎ™ÎšÎ‘ | KONSTANTINOS SOT,https://www.youtube.com/watch?v=-HrCOFXMUx8&pp=ygUjzrXOu867zrfOvc65zrrOsSDPhM-BzrHOs86_z4XOtM65zrE%3D,song,55:31 good,2023-03-27
20,Î¤Î‘ Î£Î Î‘ÎœÎ• Î•Î›Î›Î—ÎÎ™ÎšÎ‘ | KONSTANTINOS SOT,https://www.youtube.com/watch?v=-HrCOFXMUx8&pp=ygUjzrXOu867zrfOvc65zrrOsSDPhM-BzrHOs86_z4XOtM65zrE%3D,song,what's the name of the first song?,2023-01-27
21,Î¤Î‘ Î£Î Î‘ÎœÎ• Î•Î›Î›Î—ÎÎ™ÎšÎ‘ | KONSTANTINOS SOT,https://www.youtube.com/watch?v=-HrCOFXMUx8&pp=ygUjzrXOu867zrfOvc65zrrOsSDPhM-BzrHOs86_z4XOtM65zrE%3D,song,ÅarkÄ±larÄ± Ã§almÄ±ÅŸÄ±z TÃ¼rkler ğŸ‡¹ğŸ‡· :(,2023-01-27
22,Î¤Î‘ Î£Î Î‘ÎœÎ• Î•Î›Î›Î—ÎÎ™ÎšÎ‘ | KONSTANTINOS SOT,https://www.youtube.com/watch?v=-HrCOFXMUx8&pp=ygUjzrXOu867zrfOvc65zrrOsSDPhM-BzrHOs86_z4XOtM65zrE%3D,song,Chronia Pola konstadine kalichronia na ehis me ygia Eisen teliooos okaliteros fonaraï¸,2023-01-27
23,â™« 5 Î©ÏÎµÏ‚ Non Stop special!! ğŸ’“ğŸµ Î‘Ï€Î¿ÎºÎ»ÎµÎ¹ÏƒÏ„Î¹ÎºÎ¬ Î³Î¹Î± Î¼ÎµÏÎ±ÎºÎ»Î®Î´ÎµÏ‚! ğŸº Î£Ï„Î·Î½ Ï…Î³ÎµÎ¹Î¬ Î¼Î±Ï‚ Îº ÎŒÎ»Î¿Î¹ Î¿Î¹ ÎºÎ±Î»Î¿Î¯ Ï‡Ï‰ÏÎ¬Î½Îµ.,https://www.youtube.com/watch?v=gUeMZez8GzU&pp=ygUjzrXOu867zrfOvc65zrrOsSDPhM-BzrHOs86_z4XOtM65zrE%3D,song,"Love this music, proud to be of Greek heritage - living in Australia.",2023-04-27
24,â™« 5 Î©ÏÎµÏ‚ Non Stop special!! ğŸ’“ğŸµ Î‘Ï€Î¿ÎºÎ»ÎµÎ¹ÏƒÏ„Î¹ÎºÎ¬ Î³Î¹Î± Î¼ÎµÏÎ±ÎºÎ»Î®Î´ÎµÏ‚! ğŸº Î£Ï„Î·Î½ Ï…Î³ÎµÎ¹Î¬ Î¼Î±Ï‚ Îº ÎŒÎ»Î¿Î¹ Î¿Î¹ ÎºÎ±Î»Î¿Î¯ Ï‡Ï‰ÏÎ¬Î½Îµ.,https://www.youtube.com/watch?v=gUeMZez8GzU&pp=ygUjzrXOu867zrfOvc65zrrOsSDPhM-BzrHOs86_z4XOtM65zrE%3D,song,"Bravo Grecy jesteÅ›cie wraÅ¼liwi, muzyka wasza jest piÄ™kna i prawdziwa.",2021-11-27
25,â™« 5 Î©ÏÎµÏ‚ Non Stop special!! ğŸ’“ğŸµ Î‘Ï€Î¿ÎºÎ»ÎµÎ¹ÏƒÏ„Î¹ÎºÎ¬ Î³Î¹Î± Î¼ÎµÏÎ±ÎºÎ»Î®Î´ÎµÏ‚! ğŸº Î£Ï„Î·Î½ Ï…Î³ÎµÎ¹Î¬ Î¼Î±Ï‚ Îº ÎŒÎ»Î¿Î¹ Î¿Î¹ ÎºÎ±Î»Î¿Î¯ Ï‡Ï‰ÏÎ¬Î½Îµ.,https://www.youtube.com/watch?v=gUeMZez8GzU&pp=ygUjzrXOu867zrfOvc65zrrOsSDPhM-BzrHOs86_z4XOtM65zrE%3D,song,"I love Greek people,you are very happy and musical , you know how to appreciate  the LIFE. 
Love from Armeniaï¸ï¸ï¸",2022-11-27
26,â™« 5 Î©ÏÎµÏ‚ Non Stop special!! ğŸ’“ğŸµ Î‘Ï€Î¿ÎºÎ»ÎµÎ¹ÏƒÏ„Î¹ÎºÎ¬ Î³Î¹Î± Î¼ÎµÏÎ±ÎºÎ»Î®Î´ÎµÏ‚! ğŸº Î£Ï„Î·Î½ Ï…Î³ÎµÎ¹Î¬ Î¼Î±Ï‚ Îº ÎŒÎ»Î¿Î¹ Î¿Î¹ ÎºÎ±Î»Î¿Î¯ Ï‡Ï‰ÏÎ¬Î½Îµ.,https://www.youtube.com/watch?v=gUeMZez8GzU&pp=ygUjzrXOu867zrfOvc65zrrOsSDPhM-BzrHOs86_z4XOtM65zrE%3D,song,NÃ£o sei como cheguei aqui mas amei conhecer essa bela mÃºsica. AbraÃ§os calorosos daqui do Brasil.,2022-11-27
27,â™« 5 Î©ÏÎµÏ‚ Non Stop special!! ğŸ’“ğŸµ Î‘Ï€Î¿ÎºÎ»ÎµÎ¹ÏƒÏ„Î¹ÎºÎ¬ Î³Î¹Î± Î¼ÎµÏÎ±ÎºÎ»Î®Î´ÎµÏ‚! ğŸº Î£Ï„Î·Î½ Ï…Î³ÎµÎ¹Î¬ Î¼Î±Ï‚ Îº ÎŒÎ»Î¿Î¹ Î¿Î¹ ÎºÎ±Î»Î¿Î¯ Ï‡Ï‰ÏÎ¬Î½Îµ.,https://www.youtube.com/watch?v=gUeMZez8GzU&pp=ygUjzrXOu867zrfOvc65zrrOsSDPhM-BzrHOs86_z4XOtM65zrE%3D,song,"What fantastic music and great dancing, I know we should not boast publicly about such things but I cannot contain myself any longer, I bloody love my Greek heritage. I've said it now ",2022-11-27
28,â™« 5 Î©ÏÎµÏ‚ Non Stop special!! ğŸ’“ğŸµ Î‘Ï€Î¿ÎºÎ»ÎµÎ¹ÏƒÏ„Î¹ÎºÎ¬ Î³Î¹Î± Î¼ÎµÏÎ±ÎºÎ»Î®Î´ÎµÏ‚! ğŸº Î£Ï„Î·Î½ Ï…Î³ÎµÎ¹Î¬ Î¼Î±Ï‚ Îº ÎŒÎ»Î¿Î¹ Î¿Î¹ ÎºÎ±Î»Î¿Î¯ Ï‡Ï‰ÏÎ¬Î½Îµ.,https://www.youtube.com/watch?v=gUeMZez8GzU&pp=ygUjzrXOu867zrfOvc65zrrOsSDPhM-BzrHOs86_z4XOtM65zrE%3D,song,"Don't know what they sing, but hail to the Greeks!!!! Greetings from Spain",2023-02-27
29,â™« 5 Î©ÏÎµÏ‚ Non Stop special!! ğŸ’“ğŸµ Î‘Ï€Î¿ÎºÎ»ÎµÎ¹ÏƒÏ„Î¹ÎºÎ¬ Î³Î¹Î± Î¼ÎµÏÎ±ÎºÎ»Î®Î´ÎµÏ‚! ğŸº Î£Ï„Î·Î½ Ï…Î³ÎµÎ¹Î¬ Î¼Î±Ï‚ Îº ÎŒÎ»Î¿Î¹ Î¿Î¹ ÎºÎ±Î»Î¿Î¯ Ï‡Ï‰ÏÎ¬Î½Îµ.,https://www.youtube.com/watch?v=gUeMZez8GzU&pp=ygUjzrXOu867zrfOvc65zrrOsSDPhM-BzrHOs86_z4XOtM65zrE%3D,song,My beautiful Greek brothers and sisters!!! From Armenia ğŸ‡¦ğŸ‡² we love you!!!!,2023-08-27
30,â™« 5 Î©ÏÎµÏ‚ Non Stop special!! ğŸ’“ğŸµ Î‘Ï€Î¿ÎºÎ»ÎµÎ¹ÏƒÏ„Î¹ÎºÎ¬ Î³Î¹Î± Î¼ÎµÏÎ±ÎºÎ»Î®Î´ÎµÏ‚! ğŸº Î£Ï„Î·Î½ Ï…Î³ÎµÎ¹Î¬ Î¼Î±Ï‚ Îº ÎŒÎ»Î¿Î¹ Î¿Î¹ ÎºÎ±Î»Î¿Î¯ Ï‡Ï‰ÏÎ¬Î½Îµ.,https://www.youtube.com/watch?v=gUeMZez8GzU&pp=ygUjzrXOu867zrfOvc65zrrOsSDPhM-BzrHOs86_z4XOtM65zrE%3D,song,"Great  mixed Greek music 
Love   from 
      Albania",2021-11-27
31,â™« 5 Î©ÏÎµÏ‚ Non Stop special!! ğŸ’“ğŸµ Î‘Ï€Î¿ÎºÎ»ÎµÎ¹ÏƒÏ„Î¹ÎºÎ¬ Î³Î¹Î± Î¼ÎµÏÎ±ÎºÎ»Î®Î´ÎµÏ‚! ğŸº Î£Ï„Î·Î½ Ï…Î³ÎµÎ¹Î¬ Î¼Î±Ï‚ Îº ÎŒÎ»Î¿Î¹ Î¿Î¹ ÎºÎ±Î»Î¿Î¯ Ï‡Ï‰ÏÎ¬Î½Îµ.,https://www.youtube.com/watch?v=gUeMZez8GzU&pp=ygUjzrXOu867zrfOvc65zrrOsSDPhM-BzrHOs86_z4XOtM65zrE%3D,song,Hola..saludos desde Paraguay hermanos griegos..su musica es muy linda!! Me gustÃ³ !Â¡,2022-11-27
32,â™« 5 Î©ÏÎµÏ‚ Non Stop special!! ğŸ’“ğŸµ Î‘Ï€Î¿ÎºÎ»ÎµÎ¹ÏƒÏ„Î¹ÎºÎ¬ Î³Î¹Î± Î¼ÎµÏÎ±ÎºÎ»Î®Î´ÎµÏ‚! ğŸº Î£Ï„Î·Î½ Ï…Î³ÎµÎ¹Î¬ Î¼Î±Ï‚ Îº ÎŒÎ»Î¿Î¹ Î¿Î¹ ÎºÎ±Î»Î¿Î¯ Ï‡Ï‰ÏÎ¬Î½Îµ.,https://www.youtube.com/watch?v=gUeMZez8GzU&pp=ygUjzrXOu867zrfOvc65zrrOsSDPhM-BzrHOs86_z4XOtM65zrE%3D,song,I love greek music I am from Texas and born in Germany ğŸ‡©ğŸ‡ª,2023-08-27
33,â™« 5 Î©ÏÎµÏ‚ Non Stop special!! ğŸ’“ğŸµ Î‘Ï€Î¿ÎºÎ»ÎµÎ¹ÏƒÏ„Î¹ÎºÎ¬ Î³Î¹Î± Î¼ÎµÏÎ±ÎºÎ»Î®Î´ÎµÏ‚! ğŸº Î£Ï„Î·Î½ Ï…Î³ÎµÎ¹Î¬ Î¼Î±Ï‚ Îº ÎŒÎ»Î¿Î¹ Î¿Î¹ ÎºÎ±Î»Î¿Î¯ Ï‡Ï‰ÏÎ¬Î½Îµ.,https://www.youtube.com/watch?v=gUeMZez8GzU&pp=ygUjzrXOu867zrfOvc65zrrOsSDPhM-BzrHOs86_z4XOtM65zrE%3D,song,"Now I must learn Greek   these songs have some very strong message,  I think,  I don't know  ",2021-11-27
34,â™« 5 Î©ÏÎµÏ‚ Non Stop special!! ğŸ’“ğŸµ Î‘Ï€Î¿ÎºÎ»ÎµÎ¹ÏƒÏ„Î¹ÎºÎ¬ Î³Î¹Î± Î¼ÎµÏÎ±ÎºÎ»Î®Î´ÎµÏ‚! ğŸº Î£Ï„Î·Î½ Ï…Î³ÎµÎ¹Î¬ Î¼Î±Ï‚ Îº ÎŒÎ»Î¿Î¹ Î¿Î¹ ÎºÎ±Î»Î¿Î¯ Ï‡Ï‰ÏÎ¬Î½Îµ.,https://www.youtube.com/watch?v=gUeMZez8GzU&pp=ygUjzrXOu867zrfOvc65zrrOsSDPhM-BzrHOs86_z4XOtM65zrE%3D,song,"When I was a child.... My mom, a new Greek immigrant, would play Greek music while doing housework or cooking or sewing.... Me xalase! I cant do any of that without it. Anoigi i psychi mou and I feel like I can do anything. Back then, we had Tina Santorinaiou in nyc. Now we have youtube in SC",2021-11-27
35,â™« 5 Î©ÏÎµÏ‚ Non Stop special!! ğŸ’“ğŸµ Î‘Ï€Î¿ÎºÎ»ÎµÎ¹ÏƒÏ„Î¹ÎºÎ¬ Î³Î¹Î± Î¼ÎµÏÎ±ÎºÎ»Î®Î´ÎµÏ‚! ğŸº Î£Ï„Î·Î½ Ï…Î³ÎµÎ¹Î¬ Î¼Î±Ï‚ Îº ÎŒÎ»Î¿Î¹ Î¿Î¹ ÎºÎ±Î»Î¿Î¯ Ï‡Ï‰ÏÎ¬Î½Îµ.,https://www.youtube.com/watch?v=gUeMZez8GzU&pp=ygUjzrXOu867zrfOvc65zrrOsSDPhM-BzrHOs86_z4XOtM65zrE%3D,song,"Beautiful music ,women and culture.",2022-11-27
36,â™« 5 Î©ÏÎµÏ‚ Non Stop special!! ğŸ’“ğŸµ Î‘Ï€Î¿ÎºÎ»ÎµÎ¹ÏƒÏ„Î¹ÎºÎ¬ Î³Î¹Î± Î¼ÎµÏÎ±ÎºÎ»Î®Î´ÎµÏ‚! ğŸº Î£Ï„Î·Î½ Ï…Î³ÎµÎ¹Î¬ Î¼Î±Ï‚ Îº ÎŒÎ»Î¿Î¹ Î¿Î¹ ÎºÎ±Î»Î¿Î¯ Ï‡Ï‰ÏÎ¬Î½Îµ.,https://www.youtube.com/watch?v=gUeMZez8GzU&pp=ygUjzrXOu867zrfOvc65zrrOsSDPhM-BzrHOs86_z4XOtM65zrE%3D,song,"Best wishes top the neighbour country. Love this bouzuki and sound. TA mavra Matia sonu, Manolis Angelopoulos, great Singer and songwriter.",2022-11-27
37,â™« 5 Î©ÏÎµÏ‚ Non Stop special!! ğŸ’“ğŸµ Î‘Ï€Î¿ÎºÎ»ÎµÎ¹ÏƒÏ„Î¹ÎºÎ¬ Î³Î¹Î± Î¼ÎµÏÎ±ÎºÎ»Î®Î´ÎµÏ‚! ğŸº Î£Ï„Î·Î½ Ï…Î³ÎµÎ¹Î¬ Î¼Î±Ï‚ Îº ÎŒÎ»Î¿Î¹ Î¿Î¹ ÎºÎ±Î»Î¿Î¯ Ï‡Ï‰ÏÎ¬Î½Îµ.,https://www.youtube.com/watch?v=gUeMZez8GzU&pp=ygUjzrXOu867zrfOvc65zrrOsSDPhM-BzrHOs86_z4XOtM65zrE%3D,song,Hermosa canciÃ³n mi respeto y admiraciÃ³n desde RepÃºblica Dominicana,2022-11-27
38,â™« 5 Î©ÏÎµÏ‚ Non Stop special!! ğŸ’“ğŸµ Î‘Ï€Î¿ÎºÎ»ÎµÎ¹ÏƒÏ„Î¹ÎºÎ¬ Î³Î¹Î± Î¼ÎµÏÎ±ÎºÎ»Î®Î´ÎµÏ‚! ğŸº Î£Ï„Î·Î½ Ï…Î³ÎµÎ¹Î¬ Î¼Î±Ï‚ Îº ÎŒÎ»Î¿Î¹ Î¿Î¹ ÎºÎ±Î»Î¿Î¯ Ï‡Ï‰ÏÎ¬Î½Îµ.,https://www.youtube.com/watch?v=gUeMZez8GzU&pp=ygUjzrXOu867zrfOvc65zrrOsSDPhM-BzrHOs86_z4XOtM65zrE%3D,song,Adorable to all us Greeks I can not stop watching all his beautiful shows in utube for years,2023-06-27
39,â™« 5 Î©ÏÎµÏ‚ Non Stop special!! ğŸ’“ğŸµ Î‘Ï€Î¿ÎºÎ»ÎµÎ¹ÏƒÏ„Î¹ÎºÎ¬ Î³Î¹Î± Î¼ÎµÏÎ±ÎºÎ»Î®Î´ÎµÏ‚! ğŸº Î£Ï„Î·Î½ Ï…Î³ÎµÎ¹Î¬ Î¼Î±Ï‚ Îº ÎŒÎ»Î¿Î¹ Î¿Î¹ ÎºÎ±Î»Î¿Î¯ Ï‡Ï‰ÏÎ¬Î½Îµ.,https://www.youtube.com/watch?v=gUeMZez8GzU&pp=ygUjzrXOu867zrfOvc65zrrOsSDPhM-BzrHOs86_z4XOtM65zrE%3D,song,"i love Greece. i love greeks from Anfeh, in Lebanon.north of Lebanon.",2021-11-27
40,â™« 5 Î©ÏÎµÏ‚ Non Stop special!! ğŸ’“ğŸµ Î‘Ï€Î¿ÎºÎ»ÎµÎ¹ÏƒÏ„Î¹ÎºÎ¬ Î³Î¹Î± Î¼ÎµÏÎ±ÎºÎ»Î®Î´ÎµÏ‚! ğŸº Î£Ï„Î·Î½ Ï…Î³ÎµÎ¹Î¬ Î¼Î±Ï‚ Îº ÎŒÎ»Î¿Î¹ Î¿Î¹ ÎºÎ±Î»Î¿Î¯ Ï‡Ï‰ÏÎ¬Î½Îµ.,https://www.youtube.com/watch?v=gUeMZez8GzU&pp=ygUjzrXOu867zrfOvc65zrrOsSDPhM-BzrHOs86_z4XOtM65zrE%3D,song,five hours ...when all other female artists can sound quite similar our comes the queen Maria Soultatou and takes the stage...what a voice....hail to the queen,2020-11-27
41,â™« 5 Î©ÏÎµÏ‚ Non Stop special!! ğŸ’“ğŸµ Î‘Ï€Î¿ÎºÎ»ÎµÎ¹ÏƒÏ„Î¹ÎºÎ¬ Î³Î¹Î± Î¼ÎµÏÎ±ÎºÎ»Î®Î´ÎµÏ‚! ğŸº Î£Ï„Î·Î½ Ï…Î³ÎµÎ¹Î¬ Î¼Î±Ï‚ Îº ÎŒÎ»Î¿Î¹ Î¿Î¹ ÎºÎ±Î»Î¿Î¯ Ï‡Ï‰ÏÎ¬Î½Îµ.,https://www.youtube.com/watch?v=gUeMZez8GzU&pp=ygUjzrXOu867zrfOvc65zrrOsSDPhM-BzrHOs86_z4XOtM65zrE%3D,song,"ĞÑ‡ĞµĞ½ÑŒ Ğ¿Ñ€Ğ¸ÑÑ‚Ğ½Ğ¾ Ğ³ÑƒĞ»ÑÑÑ‚ , Ğ¶ĞµĞ»Ğ°Ñ Ğ’Ğ°Ğ¼ Ğ¿Ñ€Ğ°Ğ·Ğ´Ğ½Ğ¸Ñ‡Ğ½Ñ‹Ğ¹ Ğ¶Ğ¸Ğ·Ğ½Ğ¸ Ğ²ĞµÑ‡Ğ½Ğ¾ !!!",2022-12-27
42,â™« 5 Î©ÏÎµÏ‚ Non Stop special!! ğŸ’“ğŸµ Î‘Ï€Î¿ÎºÎ»ÎµÎ¹ÏƒÏ„Î¹ÎºÎ¬ Î³Î¹Î± Î¼ÎµÏÎ±ÎºÎ»Î®Î´ÎµÏ‚! ğŸº Î£Ï„Î·Î½ Ï…Î³ÎµÎ¹Î¬ Î¼Î±Ï‚ Îº ÎŒÎ»Î¿Î¹ Î¿Î¹ ÎºÎ±Î»Î¿Î¯ Ï‡Ï‰ÏÎ¬Î½Îµ.,https://www.youtube.com/watch?v=gUeMZez8GzU&pp=ygUjzrXOu867zrfOvc65zrrOsSDPhM-BzrHOs86_z4XOtM65zrE%3D,song,Muy bonita mÃºsica!!!!,2022-11-27
43,â™« 5 Î©ÏÎµÏ‚ Non Stop special!! ğŸ’“ğŸµ Î‘Ï€Î¿ÎºÎ»ÎµÎ¹ÏƒÏ„Î¹ÎºÎ¬ Î³Î¹Î± Î¼ÎµÏÎ±ÎºÎ»Î®Î´ÎµÏ‚! ğŸº Î£Ï„Î·Î½ Ï…Î³ÎµÎ¹Î¬ Î¼Î±Ï‚ Îº ÎŒÎ»Î¿Î¹ Î¿Î¹ ÎºÎ±Î»Î¿Î¯ Ï‡Ï‰ÏÎ¬Î½Îµ.,https://www.youtube.com/watch?v=gUeMZez8GzU&pp=ygUjzrXOu867zrfOvc65zrrOsSDPhM-BzrHOs86_z4XOtM65zrE%3D,song,His charismatic talent is the best in Greek history and music too,2023-06-27
44,â™« 5 Î©ÏÎµÏ‚ Non Stop special!! ğŸ’“ğŸµ Î‘Ï€Î¿ÎºÎ»ÎµÎ¹ÏƒÏ„Î¹ÎºÎ¬ Î³Î¹Î± Î¼ÎµÏÎ±ÎºÎ»Î®Î´ÎµÏ‚! ğŸº Î£Ï„Î·Î½ Ï…Î³ÎµÎ¹Î¬ Î¼Î±Ï‚ Îº ÎŒÎ»Î¿Î¹ Î¿Î¹ ÎºÎ±Î»Î¿Î¯ Ï‡Ï‰ÏÎ¬Î½Îµ.,https://www.youtube.com/watch?v=gUeMZez8GzU&pp=ygUjzrXOu867zrfOvc65zrrOsSDPhM-BzrHOs86_z4XOtM65zrE%3D,song,"ZEIBEKIKA SONGS AND DANCES
00:10:17 - Apopse Thelo Na Pio - Sofia Ariropoulou
03:23:39 - O Trelos - Akis Panou
03:26:25 - Kathenas Ne Ton Pono Tou - Fotini Mavraki  (My life story !)
04:06:44 - Ego Eime Ena Paliopedo - Nikos Mourkakos
04:47:25 - Pente Ellines Ston Adi - Yiannis Papaionou  (Best Song ever written about Greece and Greeks)
04:58:37 - H Paola edwse resta !",2020-11-27
45,â™« 5 Î©ÏÎµÏ‚ Non Stop special!! ğŸ’“ğŸµ Î‘Ï€Î¿ÎºÎ»ÎµÎ¹ÏƒÏ„Î¹ÎºÎ¬ Î³Î¹Î± Î¼ÎµÏÎ±ÎºÎ»Î®Î´ÎµÏ‚! ğŸº Î£Ï„Î·Î½ Ï…Î³ÎµÎ¹Î¬ Î¼Î±Ï‚ Îº ÎŒÎ»Î¿Î¹ Î¿Î¹ ÎºÎ±Î»Î¿Î¯ Ï‡Ï‰ÏÎ¬Î½Îµ.,https://www.youtube.com/watch?v=gUeMZez8GzU&pp=ygUjzrXOu867zrfOvc65zrrOsSDPhM-BzrHOs86_z4XOtM65zrE%3D,song,ĞÑĞ¾Ğ±ĞµĞ½Ğ½Ğ¾ Ğ½Ñ€Ğ°Ğ²Ğ¸Ñ‚ÑÑ Ğ²Ğ°Ñˆ Ğ·Ğ²ÑƒÑ‡Ğ°Ñ‰Ğ¸Ğ¹ Ğ¼ÑƒĞ·Ñ‹ĞºĞ°Ğ»ÑŒĞ½Ñ‹Ğ¹ Ğ¸Ğ½ÑÑ‚Ñ€ÑƒĞ¼ĞµĞ½Ñ‚ Ğ‘ÑƒĞ·ÑƒĞºĞ¸ ĞĞ³Ñ€Ğ¾Ğ¼Ğ½Ğ¾Ğµ Ğ¡Ğ¿Ğ°ÑĞ¸Ğ±Ğ¾ .Ğ‘Ğ»Ğ°Ğ³Ğ¾Ğ´Ğ°Ñ€Ñ Ğ’Ğ°Ñ,2022-11-27
46,â™« 5 Î©ÏÎµÏ‚ Non Stop special!! ğŸ’“ğŸµ Î‘Ï€Î¿ÎºÎ»ÎµÎ¹ÏƒÏ„Î¹ÎºÎ¬ Î³Î¹Î± Î¼ÎµÏÎ±ÎºÎ»Î®Î´ÎµÏ‚! ğŸº Î£Ï„Î·Î½ Ï…Î³ÎµÎ¹Î¬ Î¼Î±Ï‚ Îº ÎŒÎ»Î¿Î¹ Î¿Î¹ ÎºÎ±Î»Î¿Î¯ Ï‡Ï‰ÏÎ¬Î½Îµ.,https://www.youtube.com/watch?v=gUeMZez8GzU&pp=ygUjzrXOu867zrfOvc65zrrOsSDPhM-BzrHOs86_z4XOtM65zrE%3D,song,Ğ¡Ğ¿Ğ°ÑĞ¸Ğ±Ğ¾ Ğ·Ğ° ĞºĞ¾Ğ½Ñ†ĞµÑ€Ñ‚ ,2023-08-27
47,â™« 5 Î©ÏÎµÏ‚ Non Stop special!! ğŸ’“ğŸµ Î‘Ï€Î¿ÎºÎ»ÎµÎ¹ÏƒÏ„Î¹ÎºÎ¬ Î³Î¹Î± Î¼ÎµÏÎ±ÎºÎ»Î®Î´ÎµÏ‚! ğŸº Î£Ï„Î·Î½ Ï…Î³ÎµÎ¹Î¬ Î¼Î±Ï‚ Îº ÎŒÎ»Î¿Î¹ Î¿Î¹ ÎºÎ±Î»Î¿Î¯ Ï‡Ï‰ÏÎ¬Î½Îµ.,https://www.youtube.com/watch?v=gUeMZez8GzU&pp=ygUjzrXOu867zrfOvc65zrrOsSDPhM-BzrHOs86_z4XOtM65zrE%3D,song,Very beautiful song amjad from Jordan ğŸ‡¯ğŸ‡´ğŸ‡¯ğŸ‡´,2021-11-27
48,â™« 5 Î©ÏÎµÏ‚ Non Stop special!! ğŸ’“ğŸµ Î‘Ï€Î¿ÎºÎ»ÎµÎ¹ÏƒÏ„Î¹ÎºÎ¬ Î³Î¹Î± Î¼ÎµÏÎ±ÎºÎ»Î®Î´ÎµÏ‚! ğŸº Î£Ï„Î·Î½ Ï…Î³ÎµÎ¹Î¬ Î¼Î±Ï‚ Îº ÎŒÎ»Î¿Î¹ Î¿Î¹ ÎºÎ±Î»Î¿Î¯ Ï‡Ï‰ÏÎ¬Î½Îµ.,https://www.youtube.com/watch?v=gUeMZez8GzU&pp=ygUjzrXOu867zrfOvc65zrrOsSDPhM-BzrHOs86_z4XOtM65zrE%3D,song,ĞÑ‡ĞµĞ½ÑŒ ĞºÑ€Ğ°ÑĞ¸Ğ²Ñ‹Ğµ Ğ³Ñ€ĞµÑ‡Ğ°Ğ½ĞºĞ¸ Ğ±ĞµĞ·ÑƒĞ¼Ğ½Ğ¾.,2021-11-27
49,â™« 5 Î©ÏÎµÏ‚ Non Stop special!! ğŸ’“ğŸµ Î‘Ï€Î¿ÎºÎ»ÎµÎ¹ÏƒÏ„Î¹ÎºÎ¬ Î³Î¹Î± Î¼ÎµÏÎ±ÎºÎ»Î®Î´ÎµÏ‚! ğŸº Î£Ï„Î·Î½ Ï…Î³ÎµÎ¹Î¬ Î¼Î±Ï‚ Îº ÎŒÎ»Î¿Î¹ Î¿Î¹ ÎºÎ±Î»Î¿Î¯ Ï‡Ï‰ÏÎ¬Î½Îµ.,https://www.youtube.com/watch?v=gUeMZez8GzU&pp=ygUjzrXOu867zrfOvc65zrrOsSDPhM-BzrHOs86_z4XOtM65zrE%3D,song,DÄšKUJI moc krÃ¡t. amjad z jordÃ¡nska ğŸ‡¯ğŸ‡´ğŸ‡¯ğŸ‡´,2021-11-27
50,â™« 5 Î©ÏÎµÏ‚ Non Stop special!! ğŸ’“ğŸµ Î‘Ï€Î¿ÎºÎ»ÎµÎ¹ÏƒÏ„Î¹ÎºÎ¬ Î³Î¹Î± Î¼ÎµÏÎ±ÎºÎ»Î®Î´ÎµÏ‚! ğŸº Î£Ï„Î·Î½ Ï…Î³ÎµÎ¹Î¬ Î¼Î±Ï‚ Îº ÎŒÎ»Î¿Î¹ Î¿Î¹ ÎºÎ±Î»Î¿Î¯ Ï‡Ï‰ÏÎ¬Î½Îµ.,https://www.youtube.com/watch?v=gUeMZez8GzU&pp=ygUjzrXOu867zrfOvc65zrrOsSDPhM-BzrHOs86_z4XOtM65zrE%3D,song,"Bravo, Aetos. a very nice collection of stin yegia mas. Loved it",2020-11-27
51,â™« 5 Î©ÏÎµÏ‚ Non Stop special!! ğŸ’“ğŸµ Î‘Ï€Î¿ÎºÎ»ÎµÎ¹ÏƒÏ„Î¹ÎºÎ¬ Î³Î¹Î± Î¼ÎµÏÎ±ÎºÎ»Î®Î´ÎµÏ‚! ğŸº Î£Ï„Î·Î½ Ï…Î³ÎµÎ¹Î¬ Î¼Î±Ï‚ Îº ÎŒÎ»Î¿Î¹ Î¿Î¹ ÎºÎ±Î»Î¿Î¯ Ï‡Ï‰ÏÎ¬Î½Îµ.,https://www.youtube.com/watch?v=gUeMZez8GzU&pp=ygUjzrXOu867zrfOvc65zrrOsSDPhM-BzrHOs86_z4XOtM65zrE%3D,song,"Great, cheerful, nice people, great songs.",2022-11-27
52,â™« 5 Î©ÏÎµÏ‚ Non Stop special!! ğŸ’“ğŸµ Î‘Ï€Î¿ÎºÎ»ÎµÎ¹ÏƒÏ„Î¹ÎºÎ¬ Î³Î¹Î± Î¼ÎµÏÎ±ÎºÎ»Î®Î´ÎµÏ‚! ğŸº Î£Ï„Î·Î½ Ï…Î³ÎµÎ¹Î¬ Î¼Î±Ï‚ Îº ÎŒÎ»Î¿Î¹ Î¿Î¹ ÎºÎ±Î»Î¿Î¯ Ï‡Ï‰ÏÎ¬Î½Îµ.,https://www.youtube.com/watch?v=gUeMZez8GzU&pp=ygUjzrXOu867zrfOvc65zrrOsSDPhM-BzrHOs86_z4XOtM65zrE%3D,song,Miluji vÃ¡s vÅ¡echny  Paulu nejvÃ­ce  nÃ¡dhera,2021-11-27
53,â™« 5 Î©ÏÎµÏ‚ Non Stop special!! ğŸ’“ğŸµ Î‘Ï€Î¿ÎºÎ»ÎµÎ¹ÏƒÏ„Î¹ÎºÎ¬ Î³Î¹Î± Î¼ÎµÏÎ±ÎºÎ»Î®Î´ÎµÏ‚! ğŸº Î£Ï„Î·Î½ Ï…Î³ÎµÎ¹Î¬ Î¼Î±Ï‚ Îº ÎŒÎ»Î¿Î¹ Î¿Î¹ ÎºÎ±Î»Î¿Î¯ Ï‡Ï‰ÏÎ¬Î½Îµ.,https://www.youtube.com/watch?v=gUeMZez8GzU&pp=ygUjzrXOu867zrfOvc65zrrOsSDPhM-BzrHOs86_z4XOtM65zrE%3D,song,"j'aime beaucoup , un grand bravo , bises de France",2022-11-27
54,â™« 5 Î©ÏÎµÏ‚ Non Stop special!! ğŸ’“ğŸµ Î‘Ï€Î¿ÎºÎ»ÎµÎ¹ÏƒÏ„Î¹ÎºÎ¬ Î³Î¹Î± Î¼ÎµÏÎ±ÎºÎ»Î®Î´ÎµÏ‚! ğŸº Î£Ï„Î·Î½ Ï…Î³ÎµÎ¹Î¬ Î¼Î±Ï‚ Îº ÎŒÎ»Î¿Î¹ Î¿Î¹ ÎºÎ±Î»Î¿Î¯ Ï‡Ï‰ÏÎ¬Î½Îµ.,https://www.youtube.com/watch?v=gUeMZez8GzU&pp=ygUjzrXOu867zrfOvc65zrrOsSDPhM-BzrHOs86_z4XOtM65zrE%3D,song,"Only in Greece you can see a fat old man singing, one other old man ( or two)  dancing to the song, and a woman smashing plates to all that. 
How can someone not love that 
The best music in the world 
Love you guys",2021-11-27
55,â™« 5 Î©ÏÎµÏ‚ Non Stop special!! ğŸ’“ğŸµ Î‘Ï€Î¿ÎºÎ»ÎµÎ¹ÏƒÏ„Î¹ÎºÎ¬ Î³Î¹Î± Î¼ÎµÏÎ±ÎºÎ»Î®Î´ÎµÏ‚! ğŸº Î£Ï„Î·Î½ Ï…Î³ÎµÎ¹Î¬ Î¼Î±Ï‚ Îº ÎŒÎ»Î¿Î¹ Î¿Î¹ ÎºÎ±Î»Î¿Î¯ Ï‡Ï‰ÏÎ¬Î½Îµ.,https://www.youtube.com/watch?v=gUeMZez8GzU&pp=ygUjzrXOu867zrfOvc65zrrOsSDPhM-BzrHOs86_z4XOtM65zrE%3D,song,No soy griega pero yo me pasaria bailando toda la Noche esa hermosa musica....AMO la cultura griega y su musica sus bailes Divino ,2022-11-27
56,â™« 5 Î©ÏÎµÏ‚ Non Stop special!! ğŸ’“ğŸµ Î‘Ï€Î¿ÎºÎ»ÎµÎ¹ÏƒÏ„Î¹ÎºÎ¬ Î³Î¹Î± Î¼ÎµÏÎ±ÎºÎ»Î®Î´ÎµÏ‚! ğŸº Î£Ï„Î·Î½ Ï…Î³ÎµÎ¹Î¬ Î¼Î±Ï‚ Îº ÎŒÎ»Î¿Î¹ Î¿Î¹ ÎºÎ±Î»Î¿Î¯ Ï‡Ï‰ÏÎ¬Î½Îµ.,https://www.youtube.com/watch?v=gUeMZez8GzU&pp=ygUjzrXOu867zrfOvc65zrrOsSDPhM-BzrHOs86_z4XOtM65zrE%3D,song,"Vasilis Karas  big legend! 
Greats from Romania!",2022-11-27
57,â™« 5 Î©ÏÎµÏ‚ Non Stop special!! ğŸ’“ğŸµ Î‘Ï€Î¿ÎºÎ»ÎµÎ¹ÏƒÏ„Î¹ÎºÎ¬ Î³Î¹Î± Î¼ÎµÏÎ±ÎºÎ»Î®Î´ÎµÏ‚! ğŸº Î£Ï„Î·Î½ Ï…Î³ÎµÎ¹Î¬ Î¼Î±Ï‚ Îº ÎŒÎ»Î¿Î¹ Î¿Î¹ ÎºÎ±Î»Î¿Î¯ Ï‡Ï‰ÏÎ¬Î½Îµ.,https://www.youtube.com/watch?v=gUeMZez8GzU&pp=ygUjzrXOu867zrfOvc65zrrOsSDPhM-BzrHOs86_z4XOtM65zrE%3D,song,Ğ¡Ğ°Ğ¼Ñ‹Ğ¹ ĞºÑ€Ğ°ÑĞ¸Ğ²Ñ‹Ğ¹ Ğ¸ Ğ¼ÑƒĞ·Ñ‹ĞºĞ°Ğ»ÑŒĞ½Ñ‹Ğ¹ Ğ½Ğ°Ñ€Ğ¾Ğ´- ÑÑ‚Ğ¾ Ğ“Ğ Ğ•ĞšĞ˜!!! Ğ¯ ÑĞ°Ğ¼Ğ° Ğ½Ğ°Ğ¿Ğ¾Ğ»Ğ¾Ğ²Ğ¸Ğ½Ñƒ Ğ³Ñ€ĞµÑ‡Ğ°Ğ½ĞºĞ°. ĞŸĞ°Ğ¿Ğ° Ğ³Ñ€ĞµĞº Ğ¿Ğ¾Ğ»Ğ¸Ñ‚ÑĞ¼Ğ¸Ğ³Ñ€Ğ°Ğ½Ñ‚ Ğ² Ğ¢Ğ°ÑˆĞºĞµĞ½Ñ‚Ğµ.Ğ¡Ğ¿Ğ°ÑĞ¸Ğ±Ğ¾ ĞºĞ°Ğ½Ğ°Ğ»Ñƒ Ğ¡ĞŸĞĞ¡Ğ˜Ğ‘Ğ Ğ“Ğ Ğ•Ğ¦Ğ˜Ğ¯!!!,2022-12-27
58,â™« 5 Î©ÏÎµÏ‚ Non Stop special!! ğŸ’“ğŸµ Î‘Ï€Î¿ÎºÎ»ÎµÎ¹ÏƒÏ„Î¹ÎºÎ¬ Î³Î¹Î± Î¼ÎµÏÎ±ÎºÎ»Î®Î´ÎµÏ‚! ğŸº Î£Ï„Î·Î½ Ï…Î³ÎµÎ¹Î¬ Î¼Î±Ï‚ Îº ÎŒÎ»Î¿Î¹ Î¿Î¹ ÎºÎ±Î»Î¿Î¯ Ï‡Ï‰ÏÎ¬Î½Îµ.,https://www.youtube.com/watch?v=gUeMZez8GzU&pp=ygUjzrXOu867zrfOvc65zrrOsSDPhM-BzrHOs86_z4XOtM65zrE%3D,song,Ben bir turkÃ¼m. Ancak yunan dostlarÄ±m  kardeÅŸlerimizi Ã§ok seviyorum. Eglence  anlayÄ±sÄ±nÄ±z gÃ¼zel aslÄ±nda   halklarÄ±mÄ±z  aynÄ± ÅŸekilde sÄ±cak ve.  kardeÅŸ.       Sevgiler. Sizlere.  KeyÄ±fli. Aksamlar  ,2021-11-27
59,â™« 5 Î©ÏÎµÏ‚ Non Stop special!! ğŸ’“ğŸµ Î‘Ï€Î¿ÎºÎ»ÎµÎ¹ÏƒÏ„Î¹ÎºÎ¬ Î³Î¹Î± Î¼ÎµÏÎ±ÎºÎ»Î®Î´ÎµÏ‚! ğŸº Î£Ï„Î·Î½ Ï…Î³ÎµÎ¹Î¬ Î¼Î±Ï‚ Îº ÎŒÎ»Î¿Î¹ Î¿Î¹ ÎºÎ±Î»Î¿Î¯ Ï‡Ï‰ÏÎ¬Î½Îµ.,https://www.youtube.com/watch?v=gUeMZez8GzU&pp=ygUjzrXOu867zrfOvc65zrrOsSDPhM-BzrHOs86_z4XOtM65zrE%3D,song,IdÃ©n 4-szerre kÃ©szÃ¼lÃ¶k a ti csodÃ¡llatos  OrszÃ¡gotokba  ... (Paralia Kateriniben szoktunk mÃ©gszÃ¡llni  )  Ã©s nem hagytuk ki a csodÃ¡s MeteÃ³rÃ¡kat sem Ã©s persze a Kostas Dimitriu hajÃ³kirÃ¡ndulÃ¡lusÃ¡tsÃ¡t  sem   !!!,2023-06-27
60,â™« 5 Î©ÏÎµÏ‚ Non Stop special!! ğŸ’“ğŸµ Î‘Ï€Î¿ÎºÎ»ÎµÎ¹ÏƒÏ„Î¹ÎºÎ¬ Î³Î¹Î± Î¼ÎµÏÎ±ÎºÎ»Î®Î´ÎµÏ‚! ğŸº Î£Ï„Î·Î½ Ï…Î³ÎµÎ¹Î¬ Î¼Î±Ï‚ Îº ÎŒÎ»Î¿Î¹ Î¿Î¹ ÎºÎ±Î»Î¿Î¯ Ï‡Ï‰ÏÎ¬Î½Îµ.,https://www.youtube.com/watch?v=gUeMZez8GzU&pp=ygUjzrXOu867zrfOvc65zrrOsSDPhM-BzrHOs86_z4XOtM65zrE%3D,song,"No sÃ© cÃ³mo lleguÃ© acÃ¡, pero me gusta! Saludos desde Argentina ",2020-11-27
61,â™« 5 Î©ÏÎµÏ‚ Non Stop special!! ğŸ’“ğŸµ Î‘Ï€Î¿ÎºÎ»ÎµÎ¹ÏƒÏ„Î¹ÎºÎ¬ Î³Î¹Î± Î¼ÎµÏÎ±ÎºÎ»Î®Î´ÎµÏ‚! ğŸº Î£Ï„Î·Î½ Ï…Î³ÎµÎ¹Î¬ Î¼Î±Ï‚ Îº ÎŒÎ»Î¿Î¹ Î¿Î¹ ÎºÎ±Î»Î¿Î¯ Ï‡Ï‰ÏÎ¬Î½Îµ.,https://www.youtube.com/watch?v=gUeMZez8GzU&pp=ygUjzrXOu867zrfOvc65zrrOsSDPhM-BzrHOs86_z4XOtM65zrE%3D,song,"Aetos 68 thank you so much from heart & soul. Greek music is full of love , emotions & passion. ",2022-11-27
62,â™« 5 Î©ÏÎµÏ‚ Non Stop special!! ğŸ’“ğŸµ Î‘Ï€Î¿ÎºÎ»ÎµÎ¹ÏƒÏ„Î¹ÎºÎ¬ Î³Î¹Î± Î¼ÎµÏÎ±ÎºÎ»Î®Î´ÎµÏ‚! ğŸº Î£Ï„Î·Î½ Ï…Î³ÎµÎ¹Î¬ Î¼Î±Ï‚ Îº ÎŒÎ»Î¿Î¹ Î¿Î¹ ÎºÎ±Î»Î¿Î¯ Ï‡Ï‰ÏÎ¬Î½Îµ.,https://www.youtube.com/watch?v=gUeMZez8GzU&pp=ygUjzrXOu867zrfOvc65zrrOsSDPhM-BzrHOs86_z4XOtM65zrE%3D,song,Bravo for a beautiful collection.,2021-11-27
63,â™« 5 Î©ÏÎµÏ‚ Non Stop special!! ğŸ’“ğŸµ Î‘Ï€Î¿ÎºÎ»ÎµÎ¹ÏƒÏ„Î¹ÎºÎ¬ Î³Î¹Î± Î¼ÎµÏÎ±ÎºÎ»Î®Î´ÎµÏ‚! ğŸº Î£Ï„Î·Î½ Ï…Î³ÎµÎ¹Î¬ Î¼Î±Ï‚ Îº ÎŒÎ»Î¿Î¹ Î¿Î¹ ÎºÎ±Î»Î¿Î¯ Ï‡Ï‰ÏÎ¬Î½Îµ.,https://www.youtube.com/watch?v=gUeMZez8GzU&pp=ygUjzrXOu867zrfOvc65zrrOsSDPhM-BzrHOs86_z4XOtM65zrE%3D,song,Ğ‘Ğ»Ğ°Ğ³Ğ¾Ğ´Ğ°Ñ€Ñ Ğ’Ğ¸ ,2020-11-27
64,â™« 5 Î©ÏÎµÏ‚ Non Stop special!! ğŸ’“ğŸµ Î‘Ï€Î¿ÎºÎ»ÎµÎ¹ÏƒÏ„Î¹ÎºÎ¬ Î³Î¹Î± Î¼ÎµÏÎ±ÎºÎ»Î®Î´ÎµÏ‚! ğŸº Î£Ï„Î·Î½ Ï…Î³ÎµÎ¹Î¬ Î¼Î±Ï‚ Îº ÎŒÎ»Î¿Î¹ Î¿Î¹ ÎºÎ±Î»Î¿Î¯ Ï‡Ï‰ÏÎ¬Î½Îµ.,https://www.youtube.com/watch?v=gUeMZez8GzU&pp=ygUjzrXOu867zrfOvc65zrrOsSDPhM-BzrHOs86_z4XOtM65zrE%3D,song,Forever Greek to my last breath ..ğŸ‡¬ğŸ‡·ğŸ‡¬ğŸ‡·ğŸ‡¬ğŸ‡·,2023-06-27
65,â™« 5 Î©ÏÎµÏ‚ Non Stop special!! ğŸ’“ğŸµ Î‘Ï€Î¿ÎºÎ»ÎµÎ¹ÏƒÏ„Î¹ÎºÎ¬ Î³Î¹Î± Î¼ÎµÏÎ±ÎºÎ»Î®Î´ÎµÏ‚! ğŸº Î£Ï„Î·Î½ Ï…Î³ÎµÎ¹Î¬ Î¼Î±Ï‚ Îº ÎŒÎ»Î¿Î¹ Î¿Î¹ ÎºÎ±Î»Î¿Î¯ Ï‡Ï‰ÏÎ¬Î½Îµ.,https://www.youtube.com/watch?v=gUeMZez8GzU&pp=ygUjzrXOu867zrfOvc65zrrOsSDPhM-BzrHOs86_z4XOtM65zrE%3D,song,Muy bonita mÃºsica,2022-11-27
66,â™« 5 Î©ÏÎµÏ‚ Non Stop special!! ğŸ’“ğŸµ Î‘Ï€Î¿ÎºÎ»ÎµÎ¹ÏƒÏ„Î¹ÎºÎ¬ Î³Î¹Î± Î¼ÎµÏÎ±ÎºÎ»Î®Î´ÎµÏ‚! ğŸº Î£Ï„Î·Î½ Ï…Î³ÎµÎ¹Î¬ Î¼Î±Ï‚ Îº ÎŒÎ»Î¿Î¹ Î¿Î¹ ÎºÎ±Î»Î¿Î¯ Ï‡Ï‰ÏÎ¬Î½Îµ.,https://www.youtube.com/watch?v=gUeMZez8GzU&pp=ygUjzrXOu867zrfOvc65zrrOsSDPhM-BzrHOs86_z4XOtM65zrE%3D,song,Bravo ï¸ğŸ‡¬ğŸ‡·ğŸ‡¬ğŸ‡·ğŸ‡¬ğŸ‡·,2020-11-27
67,â™« 5 Î©ÏÎµÏ‚ Non Stop special!! ğŸ’“ğŸµ Î‘Ï€Î¿ÎºÎ»ÎµÎ¹ÏƒÏ„Î¹ÎºÎ¬ Î³Î¹Î± Î¼ÎµÏÎ±ÎºÎ»Î®Î´ÎµÏ‚! ğŸº Î£Ï„Î·Î½ Ï…Î³ÎµÎ¹Î¬ Î¼Î±Ï‚ Îº ÎŒÎ»Î¿Î¹ Î¿Î¹ ÎºÎ±Î»Î¿Î¯ Ï‡Ï‰ÏÎ¬Î½Îµ.,https://www.youtube.com/watch?v=gUeMZez8GzU&pp=ygUjzrXOu867zrfOvc65zrrOsSDPhM-BzrHOs86_z4XOtM65zrE%3D,song,"Quero conhecer a GrÃ©cia maravilhosa, conhecer uma linda mulher grega e conhecer a Murta...",2022-11-27
68,â™« 5 Î©ÏÎµÏ‚ Non Stop special!! ğŸ’“ğŸµ Î‘Ï€Î¿ÎºÎ»ÎµÎ¹ÏƒÏ„Î¹ÎºÎ¬ Î³Î¹Î± Î¼ÎµÏÎ±ÎºÎ»Î®Î´ÎµÏ‚! ğŸº Î£Ï„Î·Î½ Ï…Î³ÎµÎ¹Î¬ Î¼Î±Ï‚ Îº ÎŒÎ»Î¿Î¹ Î¿Î¹ ÎºÎ±Î»Î¿Î¯ Ï‡Ï‰ÏÎ¬Î½Îµ.,https://www.youtube.com/watch?v=gUeMZez8GzU&pp=ygUjzrXOu867zrfOvc65zrrOsSDPhM-BzrHOs86_z4XOtM65zrE%3D,song,Ğ‘Ñ€Ğ°Ğ²Ğ¾.ï¸,2021-11-27
69,â™« 5 Î©ÏÎµÏ‚ Non Stop special!! ğŸ’“ğŸµ Î‘Ï€Î¿ÎºÎ»ÎµÎ¹ÏƒÏ„Î¹ÎºÎ¬ Î³Î¹Î± Î¼ÎµÏÎ±ÎºÎ»Î®Î´ÎµÏ‚! ğŸº Î£Ï„Î·Î½ Ï…Î³ÎµÎ¹Î¬ Î¼Î±Ï‚ Îº ÎŒÎ»Î¿Î¹ Î¿Î¹ ÎºÎ±Î»Î¿Î¯ Ï‡Ï‰ÏÎ¬Î½Îµ.,https://www.youtube.com/watch?v=gUeMZez8GzU&pp=ygUjzrXOu867zrfOvc65zrrOsSDPhM-BzrHOs86_z4XOtM65zrE%3D,song,Gua con cuÃ¡ntos sentimiento lo canta se hace que las letras son muy triste es lo que yo presiento me gusta como canta lento ğŸ‡¦ğŸ‡·,2022-11-27
70,â™« 5 Î©ÏÎµÏ‚ Non Stop special!! ğŸ’“ğŸµ Î‘Ï€Î¿ÎºÎ»ÎµÎ¹ÏƒÏ„Î¹ÎºÎ¬ Î³Î¹Î± Î¼ÎµÏÎ±ÎºÎ»Î®Î´ÎµÏ‚! ğŸº Î£Ï„Î·Î½ Ï…Î³ÎµÎ¹Î¬ Î¼Î±Ï‚ Îº ÎŒÎ»Î¿Î¹ Î¿Î¹ ÎºÎ±Î»Î¿Î¯ Ï‡Ï‰ÏÎ¬Î½Îµ.,https://www.youtube.com/watch?v=gUeMZez8GzU&pp=ygUjzrXOu867zrfOvc65zrrOsSDPhM-BzrHOs86_z4XOtM65zrE%3D,song,fantastic show !!,2021-11-27
71,â™« 5 Î©ÏÎµÏ‚ Non Stop special!! ğŸ’“ğŸµ Î‘Ï€Î¿ÎºÎ»ÎµÎ¹ÏƒÏ„Î¹ÎºÎ¬ Î³Î¹Î± Î¼ÎµÏÎ±ÎºÎ»Î®Î´ÎµÏ‚! ğŸº Î£Ï„Î·Î½ Ï…Î³ÎµÎ¹Î¬ Î¼Î±Ï‚ Îº ÎŒÎ»Î¿Î¹ Î¿Î¹ ÎºÎ±Î»Î¿Î¯ Ï‡Ï‰ÏÎ¬Î½Îµ.,https://www.youtube.com/watch?v=gUeMZez8GzU&pp=ygUjzrXOu867zrfOvc65zrrOsSDPhM-BzrHOs86_z4XOtM65zrE%3D,song,YÃ¼reÄŸinize saÄŸlÄ±k istanbuldan selamlar sevgiler,2020-11-27
72,â™« 5 Î©ÏÎµÏ‚ Non Stop special!! ğŸ’“ğŸµ Î‘Ï€Î¿ÎºÎ»ÎµÎ¹ÏƒÏ„Î¹ÎºÎ¬ Î³Î¹Î± Î¼ÎµÏÎ±ÎºÎ»Î®Î´ÎµÏ‚! ğŸº Î£Ï„Î·Î½ Ï…Î³ÎµÎ¹Î¬ Î¼Î±Ï‚ Îº ÎŒÎ»Î¿Î¹ Î¿Î¹ ÎºÎ±Î»Î¿Î¯ Ï‡Ï‰ÏÎ¬Î½Îµ.,https://www.youtube.com/watch?v=gUeMZez8GzU&pp=ygUjzrXOu867zrfOvc65zrrOsSDPhM-BzrHOs86_z4XOtM65zrE%3D,song,"love from Serbia,nice.",2022-11-27
73,â™« 5 Î©ÏÎµÏ‚ Non Stop special!! ğŸ’“ğŸµ Î‘Ï€Î¿ÎºÎ»ÎµÎ¹ÏƒÏ„Î¹ÎºÎ¬ Î³Î¹Î± Î¼ÎµÏÎ±ÎºÎ»Î®Î´ÎµÏ‚! ğŸº Î£Ï„Î·Î½ Ï…Î³ÎµÎ¹Î¬ Î¼Î±Ï‚ Îº ÎŒÎ»Î¿Î¹ Î¿Î¹ ÎºÎ±Î»Î¿Î¯ Ï‡Ï‰ÏÎ¬Î½Îµ.,https://www.youtube.com/watch?v=gUeMZez8GzU&pp=ygUjzrXOu867zrfOvc65zrrOsSDPhM-BzrHOs86_z4XOtM65zrE%3D,song,Dinlemesi hoÅŸ.yaÅŸamasÄ± ise harika ve hÃ¼zel.hep beraber komÅŸular!!!,2022-11-27
74,â™« 5 Î©ÏÎµÏ‚ Non Stop special!! ğŸ’“ğŸµ Î‘Ï€Î¿ÎºÎ»ÎµÎ¹ÏƒÏ„Î¹ÎºÎ¬ Î³Î¹Î± Î¼ÎµÏÎ±ÎºÎ»Î®Î´ÎµÏ‚! ğŸº Î£Ï„Î·Î½ Ï…Î³ÎµÎ¹Î¬ Î¼Î±Ï‚ Îº ÎŒÎ»Î¿Î¹ Î¿Î¹ ÎºÎ±Î»Î¿Î¯ Ï‡Ï‰ÏÎ¬Î½Îµ.,https://www.youtube.com/watch?v=gUeMZez8GzU&pp=ygUjzrXOu867zrfOvc65zrrOsSDPhM-BzrHOs86_z4XOtM65zrE%3D,song,Good music ï¸ï¸,2020-11-27
75,â™« 5 Î©ÏÎµÏ‚ Non Stop special!! ğŸ’“ğŸµ Î‘Ï€Î¿ÎºÎ»ÎµÎ¹ÏƒÏ„Î¹ÎºÎ¬ Î³Î¹Î± Î¼ÎµÏÎ±ÎºÎ»Î®Î´ÎµÏ‚! ğŸº Î£Ï„Î·Î½ Ï…Î³ÎµÎ¹Î¬ Î¼Î±Ï‚ Îº ÎŒÎ»Î¿Î¹ Î¿Î¹ ÎºÎ±Î»Î¿Î¯ Ï‡Ï‰ÏÎ¬Î½Îµ.,https://www.youtube.com/watch?v=gUeMZez8GzU&pp=ygUjzrXOu867zrfOvc65zrrOsSDPhM-BzrHOs86_z4XOtM65zrE%3D,song,What beautiful singers they are all one of a kind the best I love listening to all what a great performance of all god I admire all your spirits your love to be lovely singers and give the best of you and another person who is special to my heart Spyros Papadopoulos the best man ever in Greece,2023-06-27
76,â™« 5 Î©ÏÎµÏ‚ Non Stop special!! ğŸ’“ğŸµ Î‘Ï€Î¿ÎºÎ»ÎµÎ¹ÏƒÏ„Î¹ÎºÎ¬ Î³Î¹Î± Î¼ÎµÏÎ±ÎºÎ»Î®Î´ÎµÏ‚! ğŸº Î£Ï„Î·Î½ Ï…Î³ÎµÎ¹Î¬ Î¼Î±Ï‚ Îº ÎŒÎ»Î¿Î¹ Î¿Î¹ ÎºÎ±Î»Î¿Î¯ Ï‡Ï‰ÏÎ¬Î½Îµ.,https://www.youtube.com/watch?v=gUeMZez8GzU&pp=ygUjzrXOu867zrfOvc65zrrOsSDPhM-BzrHOs86_z4XOtM65zrE%3D,song,What a lovelyyyyyyyyyyyyyyyyy music and people and atmosphere,2020-11-27
77,â™« 5 Î©ÏÎµÏ‚ Non Stop special!! ğŸ’“ğŸµ Î‘Ï€Î¿ÎºÎ»ÎµÎ¹ÏƒÏ„Î¹ÎºÎ¬ Î³Î¹Î± Î¼ÎµÏÎ±ÎºÎ»Î®Î´ÎµÏ‚! ğŸº Î£Ï„Î·Î½ Ï…Î³ÎµÎ¹Î¬ Î¼Î±Ï‚ Îº ÎŒÎ»Î¿Î¹ Î¿Î¹ ÎºÎ±Î»Î¿Î¯ Ï‡Ï‰ÏÎ¬Î½Îµ.,https://www.youtube.com/watch?v=gUeMZez8GzU&pp=ygUjzrXOu867zrfOvc65zrrOsSDPhM-BzrHOs86_z4XOtM65zrE%3D,song,14:40 wow i love it,2021-11-27
78,â™« 5 Î©ÏÎµÏ‚ Non Stop special!! ğŸ’“ğŸµ Î‘Ï€Î¿ÎºÎ»ÎµÎ¹ÏƒÏ„Î¹ÎºÎ¬ Î³Î¹Î± Î¼ÎµÏÎ±ÎºÎ»Î®Î´ÎµÏ‚! ğŸº Î£Ï„Î·Î½ Ï…Î³ÎµÎ¹Î¬ Î¼Î±Ï‚ Îº ÎŒÎ»Î¿Î¹ Î¿Î¹ ÎºÎ±Î»Î¿Î¯ Ï‡Ï‰ÏÎ¬Î½Îµ.,https://www.youtube.com/watch?v=gUeMZez8GzU&pp=ygUjzrXOu867zrfOvc65zrrOsSDPhM-BzrHOs86_z4XOtM65zrE%3D,song,Wow wow..what beautiful music..back to the sixties and seventies,2021-11-27
79,â™« 5 Î©ÏÎµÏ‚ Non Stop special!! ğŸ’“ğŸµ Î‘Ï€Î¿ÎºÎ»ÎµÎ¹ÏƒÏ„Î¹ÎºÎ¬ Î³Î¹Î± Î¼ÎµÏÎ±ÎºÎ»Î®Î´ÎµÏ‚! ğŸº Î£Ï„Î·Î½ Ï…Î³ÎµÎ¹Î¬ Î¼Î±Ï‚ Îº ÎŒÎ»Î¿Î¹ Î¿Î¹ ÎºÎ±Î»Î¿Î¯ Ï‡Ï‰ÏÎ¬Î½Îµ.,https://www.youtube.com/watch?v=gUeMZez8GzU&pp=ygUjzrXOu867zrfOvc65zrrOsSDPhM-BzrHOs86_z4XOtM65zrE%3D,song,Bravo DoniÈ™oarÄƒ!,2022-11-27
80,â™« 5 Î©ÏÎµÏ‚ Non Stop special!! ğŸ’“ğŸµ Î‘Ï€Î¿ÎºÎ»ÎµÎ¹ÏƒÏ„Î¹ÎºÎ¬ Î³Î¹Î± Î¼ÎµÏÎ±ÎºÎ»Î®Î´ÎµÏ‚! ğŸº Î£Ï„Î·Î½ Ï…Î³ÎµÎ¹Î¬ Î¼Î±Ï‚ Îº ÎŒÎ»Î¿Î¹ Î¿Î¹ ÎºÎ±Î»Î¿Î¯ Ï‡Ï‰ÏÎ¬Î½Îµ.,https://www.youtube.com/watch?v=gUeMZez8GzU&pp=ygUjzrXOu867zrfOvc65zrrOsSDPhM-BzrHOs86_z4XOtM65zrE%3D,song,Ğ Ğ°Ğ·Ğ±Ğ¸Ğ²Ğ° Ğ¼Ğµ......Ğ½Ğµ ÑĞ¿Ğ¸Ñ€Ğ°Ğ¼ Ğ´Ğ° Ğ¿Ğ¸Ñ....ĞĞ° Ğ·Ğ´Ñ€Ğ°Ğ²Ğµ Ğ½Ğ° Ğ²ÑĞ¸Ñ‡ĞºĞ¸...,2023-07-27
81,â™« 5 Î©ÏÎµÏ‚ Non Stop special!! ğŸ’“ğŸµ Î‘Ï€Î¿ÎºÎ»ÎµÎ¹ÏƒÏ„Î¹ÎºÎ¬ Î³Î¹Î± Î¼ÎµÏÎ±ÎºÎ»Î®Î´ÎµÏ‚! ğŸº Î£Ï„Î·Î½ Ï…Î³ÎµÎ¹Î¬ Î¼Î±Ï‚ Îº ÎŒÎ»Î¿Î¹ Î¿Î¹ ÎºÎ±Î»Î¿Î¯ Ï‡Ï‰ÏÎ¬Î½Îµ.,https://www.youtube.com/watch?v=gUeMZez8GzU&pp=ygUjzrXOu867zrfOvc65zrrOsSDPhM-BzrHOs86_z4XOtM65zrE%3D,song,Ğ”ĞµÑ‚Ğ¸ Ğ±Ğ¾Ğ³Ğ¾Ğ².,2022-11-27
82,â™« 5 Î©ÏÎµÏ‚ Non Stop special!! ğŸ’“ğŸµ Î‘Ï€Î¿ÎºÎ»ÎµÎ¹ÏƒÏ„Î¹ÎºÎ¬ Î³Î¹Î± Î¼ÎµÏÎ±ÎºÎ»Î®Î´ÎµÏ‚! ğŸº Î£Ï„Î·Î½ Ï…Î³ÎµÎ¹Î¬ Î¼Î±Ï‚ Îº ÎŒÎ»Î¿Î¹ Î¿Î¹ ÎºÎ±Î»Î¿Î¯ Ï‡Ï‰ÏÎ¬Î½Îµ.,https://www.youtube.com/watch?v=gUeMZez8GzU&pp=ygUjzrXOu867zrfOvc65zrrOsSDPhM-BzrHOs86_z4XOtM65zrE%3D,song,Me gusta mucho,2020-11-27
83,â™« 5 Î©ÏÎµÏ‚ Non Stop special!! ğŸ’“ğŸµ Î‘Ï€Î¿ÎºÎ»ÎµÎ¹ÏƒÏ„Î¹ÎºÎ¬ Î³Î¹Î± Î¼ÎµÏÎ±ÎºÎ»Î®Î´ÎµÏ‚! ğŸº Î£Ï„Î·Î½ Ï…Î³ÎµÎ¹Î¬ Î¼Î±Ï‚ Îº ÎŒÎ»Î¿Î¹ Î¿Î¹ ÎºÎ±Î»Î¿Î¯ Ï‡Ï‰ÏÎ¬Î½Îµ.,https://www.youtube.com/watch?v=gUeMZez8GzU&pp=ygUjzrXOu867zrfOvc65zrrOsSDPhM-BzrHOs86_z4XOtM65zrE%3D,song,Beautiful music and beautiful weman !,2021-11-27
84,â™« 5 Î©ÏÎµÏ‚ Non Stop special!! ğŸ’“ğŸµ Î‘Ï€Î¿ÎºÎ»ÎµÎ¹ÏƒÏ„Î¹ÎºÎ¬ Î³Î¹Î± Î¼ÎµÏÎ±ÎºÎ»Î®Î´ÎµÏ‚! ğŸº Î£Ï„Î·Î½ Ï…Î³ÎµÎ¹Î¬ Î¼Î±Ï‚ Îº ÎŒÎ»Î¿Î¹ Î¿Î¹ ÎºÎ±Î»Î¿Î¯ Ï‡Ï‰ÏÎ¬Î½Îµ.,https://www.youtube.com/watch?v=gUeMZez8GzU&pp=ygUjzrXOu867zrfOvc65zrrOsSDPhM-BzrHOs86_z4XOtM65zrE%3D,song,TrÃ¨s belle musique de GrÃ¨ce quand on est fana du rebetiko. Merci,2021-11-27
85,â™« 5 Î©ÏÎµÏ‚ Non Stop special!! ğŸ’“ğŸµ Î‘Ï€Î¿ÎºÎ»ÎµÎ¹ÏƒÏ„Î¹ÎºÎ¬ Î³Î¹Î± Î¼ÎµÏÎ±ÎºÎ»Î®Î´ÎµÏ‚! ğŸº Î£Ï„Î·Î½ Ï…Î³ÎµÎ¹Î¬ Î¼Î±Ï‚ Îº ÎŒÎ»Î¿Î¹ Î¿Î¹ ÎºÎ±Î»Î¿Î¯ Ï‡Ï‰ÏÎ¬Î½Îµ.,https://www.youtube.com/watch?v=gUeMZez8GzU&pp=ygUjzrXOu867zrfOvc65zrrOsSDPhM-BzrHOs86_z4XOtM65zrE%3D,song,Ğ¡Ğ¿Ğ°ÑĞ¸Ğ±Ğ¾ Ğ’Ğ°Ğ¼ Ğ·Ğ° Ğ¿Ñ€ĞµĞºÑ€Ğ°ÑĞ½ÑƒÑ Ğ¿ĞµÑĞ½Ñ  Ğ¸ Ğ´ĞµĞ²ÑƒÑˆĞºĞ¸ Ñƒ Ğ’Ğ°Ñ ĞšÑ€Ğ°ÑĞ°Ğ²Ğ¸Ñ†Ñ‹ ĞĞ¸Ñ„Ğ¸Ñ€Ñ‚Ğ¸Ñ‚Ğ¸,2022-11-27
86,â™« 5 Î©ÏÎµÏ‚ Non Stop special!! ğŸ’“ğŸµ Î‘Ï€Î¿ÎºÎ»ÎµÎ¹ÏƒÏ„Î¹ÎºÎ¬ Î³Î¹Î± Î¼ÎµÏÎ±ÎºÎ»Î®Î´ÎµÏ‚! ğŸº Î£Ï„Î·Î½ Ï…Î³ÎµÎ¹Î¬ Î¼Î±Ï‚ Îº ÎŒÎ»Î¿Î¹ Î¿Î¹ ÎºÎ±Î»Î¿Î¯ Ï‡Ï‰ÏÎ¬Î½Îµ.,https://www.youtube.com/watch?v=gUeMZez8GzU&pp=ygUjzrXOu867zrfOvc65zrrOsSDPhM-BzrHOs86_z4XOtM65zrE%3D,song,"ÃšÅ¾asnÃ© ,ÃºÅ¾asnÃ© ,ÃºÅ¾asnÃ©",2021-11-27
87,â™« 5 Î©ÏÎµÏ‚ Non Stop special!! ğŸ’“ğŸµ Î‘Ï€Î¿ÎºÎ»ÎµÎ¹ÏƒÏ„Î¹ÎºÎ¬ Î³Î¹Î± Î¼ÎµÏÎ±ÎºÎ»Î®Î´ÎµÏ‚! ğŸº Î£Ï„Î·Î½ Ï…Î³ÎµÎ¹Î¬ Î¼Î±Ï‚ Îº ÎŒÎ»Î¿Î¹ Î¿Î¹ ÎºÎ±Î»Î¿Î¯ Ï‡Ï‰ÏÎ¬Î½Îµ.,https://www.youtube.com/watch?v=gUeMZez8GzU&pp=ygUjzrXOu867zrfOvc65zrrOsSDPhM-BzrHOs86_z4XOtM65zrE%3D,song,"Harikasiniz , sevgili komsumuz , sizleri severek dinliyorum , umarim bir gun Yunanistan 'a gelme imkanim olur , bu tur bir programi canli dileme imkanini yakalarim , Turkiye'den selamlar :)",2023-08-27
88,â™« 5 Î©ÏÎµÏ‚ Non Stop special!! ğŸ’“ğŸµ Î‘Ï€Î¿ÎºÎ»ÎµÎ¹ÏƒÏ„Î¹ÎºÎ¬ Î³Î¹Î± Î¼ÎµÏÎ±ÎºÎ»Î®Î´ÎµÏ‚! ğŸº Î£Ï„Î·Î½ Ï…Î³ÎµÎ¹Î¬ Î¼Î±Ï‚ Îº ÎŒÎ»Î¿Î¹ Î¿Î¹ ÎºÎ±Î»Î¿Î¯ Ï‡Ï‰ÏÎ¬Î½Îµ.,https://www.youtube.com/watch?v=gUeMZez8GzU&pp=ygUjzrXOu867zrfOvc65zrrOsSDPhM-BzrHOs86_z4XOtM65zrE%3D,song,"... estoy interesado en la letra de las canciones (traducidas), por favor... Parece un viernes cultural...",2021-11-27
89,â™« 5 Î©ÏÎµÏ‚ Non Stop special!! ğŸ’“ğŸµ Î‘Ï€Î¿ÎºÎ»ÎµÎ¹ÏƒÏ„Î¹ÎºÎ¬ Î³Î¹Î± Î¼ÎµÏÎ±ÎºÎ»Î®Î´ÎµÏ‚! ğŸº Î£Ï„Î·Î½ Ï…Î³ÎµÎ¹Î¬ Î¼Î±Ï‚ Îº ÎŒÎ»Î¿Î¹ Î¿Î¹ ÎºÎ±Î»Î¿Î¯ Ï‡Ï‰ÏÎ¬Î½Îµ.,https://www.youtube.com/watch?v=gUeMZez8GzU&pp=ygUjzrXOu867zrfOvc65zrrOsSDPhM-BzrHOs86_z4XOtM65zrE%3D,song,Bonita musica saludos,2023-11-06
90,â™« 5 Î©ÏÎµÏ‚ Non Stop special!! ğŸ’“ğŸµ Î‘Ï€Î¿ÎºÎ»ÎµÎ¹ÏƒÏ„Î¹ÎºÎ¬ Î³Î¹Î± Î¼ÎµÏÎ±ÎºÎ»Î®Î´ÎµÏ‚! ğŸº Î£Ï„Î·Î½ Ï…Î³ÎµÎ¹Î¬ Î¼Î±Ï‚ Îº ÎŒÎ»Î¿Î¹ Î¿Î¹ ÎºÎ±Î»Î¿Î¯ Ï‡Ï‰ÏÎ¬Î½Îµ.,https://www.youtube.com/watch?v=gUeMZez8GzU&pp=ygUjzrXOu867zrfOvc65zrrOsSDPhM-BzrHOs86_z4XOtM65zrE%3D,song,"Paola  you are a Super Star !!
The 1 st  a  beautiful  Glykeria  song.
",2020-11-27
91,â™« 5 Î©ÏÎµÏ‚ Non Stop special!! ğŸ’“ğŸµ Î‘Ï€Î¿ÎºÎ»ÎµÎ¹ÏƒÏ„Î¹ÎºÎ¬ Î³Î¹Î± Î¼ÎµÏÎ±ÎºÎ»Î®Î´ÎµÏ‚! ğŸº Î£Ï„Î·Î½ Ï…Î³ÎµÎ¹Î¬ Î¼Î±Ï‚ Îº ÎŒÎ»Î¿Î¹ Î¿Î¹ ÎºÎ±Î»Î¿Î¯ Ï‡Ï‰ÏÎ¬Î½Îµ.,https://www.youtube.com/watch?v=gUeMZez8GzU&pp=ygUjzrXOu867zrfOvc65zrrOsSDPhM-BzrHOs86_z4XOtM65zrE%3D,song,sometimes i think these people have lost their minds and the rest of the time i'm positive they have.lol.lol.i love them and their music and talent and of course the beautiful gorgeous ladies.,2020-11-27
92,â™« 5 Î©ÏÎµÏ‚ Non Stop special!! ğŸ’“ğŸµ Î‘Ï€Î¿ÎºÎ»ÎµÎ¹ÏƒÏ„Î¹ÎºÎ¬ Î³Î¹Î± Î¼ÎµÏÎ±ÎºÎ»Î®Î´ÎµÏ‚! ğŸº Î£Ï„Î·Î½ Ï…Î³ÎµÎ¹Î¬ Î¼Î±Ï‚ Îº ÎŒÎ»Î¿Î¹ Î¿Î¹ ÎºÎ±Î»Î¿Î¯ Ï‡Ï‰ÏÎ¬Î½Îµ.,https://www.youtube.com/watch?v=gUeMZez8GzU&pp=ygUjzrXOu867zrfOvc65zrrOsSDPhM-BzrHOs86_z4XOtM65zrE%3D,song,Beautiful!,2023-01-27
93,â™« 5 Î©ÏÎµÏ‚ Non Stop special!! ğŸ’“ğŸµ Î‘Ï€Î¿ÎºÎ»ÎµÎ¹ÏƒÏ„Î¹ÎºÎ¬ Î³Î¹Î± Î¼ÎµÏÎ±ÎºÎ»Î®Î´ÎµÏ‚! ğŸº Î£Ï„Î·Î½ Ï…Î³ÎµÎ¹Î¬ Î¼Î±Ï‚ Îº ÎŒÎ»Î¿Î¹ Î¿Î¹ ÎºÎ±Î»Î¿Î¯ Ï‡Ï‰ÏÎ¬Î½Îµ.,https://www.youtube.com/watch?v=gUeMZez8GzU&pp=ygUjzrXOu867zrfOvc65zrrOsSDPhM-BzrHOs86_z4XOtM65zrE%3D,song,I love GreekğŸ‡¬ğŸ‡·ğŸ‡·ğŸ‡¸,2023-10-27
94,â™« 5 Î©ÏÎµÏ‚ Non Stop special!! ğŸ’“ğŸµ Î‘Ï€Î¿ÎºÎ»ÎµÎ¹ÏƒÏ„Î¹ÎºÎ¬ Î³Î¹Î± Î¼ÎµÏÎ±ÎºÎ»Î®Î´ÎµÏ‚! ğŸº Î£Ï„Î·Î½ Ï…Î³ÎµÎ¹Î¬ Î¼Î±Ï‚ Îº ÎŒÎ»Î¿Î¹ Î¿Î¹ ÎºÎ±Î»Î¿Î¯ Ï‡Ï‰ÏÎ¬Î½Îµ.,https://www.youtube.com/watch?v=gUeMZez8GzU&pp=ygUjzrXOu867zrfOvc65zrrOsSDPhM-BzrHOs86_z4XOtM65zrE%3D,song,Ova muzika je,2023-11-06
95,â™« 5 Î©ÏÎµÏ‚ Non Stop special!! ğŸ’“ğŸµ Î‘Ï€Î¿ÎºÎ»ÎµÎ¹ÏƒÏ„Î¹ÎºÎ¬ Î³Î¹Î± Î¼ÎµÏÎ±ÎºÎ»Î®Î´ÎµÏ‚! ğŸº Î£Ï„Î·Î½ Ï…Î³ÎµÎ¹Î¬ Î¼Î±Ï‚ Îº ÎŒÎ»Î¿Î¹ Î¿Î¹ ÎºÎ±Î»Î¿Î¯ Ï‡Ï‰ÏÎ¬Î½Îµ.,https://www.youtube.com/watch?v=gUeMZez8GzU&pp=ygUjzrXOu867zrfOvc65zrrOsSDPhM-BzrHOs86_z4XOtM65zrE%3D,song,j aime beaucoup cette musique,2020-11-27
96,â™« 5 Î©ÏÎµÏ‚ Non Stop special!! ğŸ’“ğŸµ Î‘Ï€Î¿ÎºÎ»ÎµÎ¹ÏƒÏ„Î¹ÎºÎ¬ Î³Î¹Î± Î¼ÎµÏÎ±ÎºÎ»Î®Î´ÎµÏ‚! ğŸº Î£Ï„Î·Î½ Ï…Î³ÎµÎ¹Î¬ Î¼Î±Ï‚ Îº ÎŒÎ»Î¿Î¹ Î¿Î¹ ÎºÎ±Î»Î¿Î¯ Ï‡Ï‰ÏÎ¬Î½Îµ.,https://www.youtube.com/watch?v=gUeMZez8GzU&pp=ygUjzrXOu867zrfOvc65zrrOsSDPhM-BzrHOs86_z4XOtM65zrE%3D,song,×—×•×•×™×” ××•×–×™×§×œ×™×ª ××”× ×” ×‘×™×•×ª×¨. ×ª×•×“×” ××™×©×¨××œ.,2023-11-13
97,â™« 5 Î©ÏÎµÏ‚ Non Stop special!! ğŸ’“ğŸµ Î‘Ï€Î¿ÎºÎ»ÎµÎ¹ÏƒÏ„Î¹ÎºÎ¬ Î³Î¹Î± Î¼ÎµÏÎ±ÎºÎ»Î®Î´ÎµÏ‚! ğŸº Î£Ï„Î·Î½ Ï…Î³ÎµÎ¹Î¬ Î¼Î±Ï‚ Îº ÎŒÎ»Î¿Î¹ Î¿Î¹ ÎºÎ±Î»Î¿Î¯ Ï‡Ï‰ÏÎ¬Î½Îµ.,https://www.youtube.com/watch?v=gUeMZez8GzU&pp=ygUjzrXOu867zrfOvc65zrrOsSDPhM-BzrHOs86_z4XOtM65zrE%3D,song,"Me complace,,I like it very much..mi Pisces moltissimo..",2020-11-27
98,â™« 5 Î©ÏÎµÏ‚ Non Stop special!! ğŸ’“ğŸµ Î‘Ï€Î¿ÎºÎ»ÎµÎ¹ÏƒÏ„Î¹ÎºÎ¬ Î³Î¹Î± Î¼ÎµÏÎ±ÎºÎ»Î®Î´ÎµÏ‚! ğŸº Î£Ï„Î·Î½ Ï…Î³ÎµÎ¹Î¬ Î¼Î±Ï‚ Îº ÎŒÎ»Î¿Î¹ Î¿Î¹ ÎºÎ±Î»Î¿Î¯ Ï‡Ï‰ÏÎ¬Î½Îµ.,https://www.youtube.com/watch?v=gUeMZez8GzU&pp=ygUjzrXOu867zrfOvc65zrrOsSDPhM-BzrHOs86_z4XOtM65zrE%3D,song,"Hello from Azerbaijan. I like greek music and sometimes listen before falling asleep. But somebody please explain me, why they are crashing down so many plates",2022-11-27
99,â™« 5 Î©ÏÎµÏ‚ Non Stop special!! ğŸ’“ğŸµ Î‘Ï€Î¿ÎºÎ»ÎµÎ¹ÏƒÏ„Î¹ÎºÎ¬ Î³Î¹Î± Î¼ÎµÏÎ±ÎºÎ»Î®Î´ÎµÏ‚! ğŸº Î£Ï„Î·Î½ Ï…Î³ÎµÎ¹Î¬ Î¼Î±Ï‚ Îº ÎŒÎ»Î¿Î¹ Î¿Î¹ ÎºÎ±Î»Î¿Î¯ Ï‡Ï‰ÏÎ¬Î½Îµ.,https://www.youtube.com/watch?v=gUeMZez8GzU&pp=ygUjzrXOu867zrfOvc65zrrOsSDPhM-BzrHOs86_z4XOtM65zrE%3D,song,HayÄ±rlÄ± sabahlar Ã§ok gÃ¼zel video ellerine saÄŸlÄ±k selam ,2020-11-27
100,â™« 5 Î©ÏÎµÏ‚ Non Stop special!! ğŸ’“ğŸµ Î‘Ï€Î¿ÎºÎ»ÎµÎ¹ÏƒÏ„Î¹ÎºÎ¬ Î³Î¹Î± Î¼ÎµÏÎ±ÎºÎ»Î®Î´ÎµÏ‚! ğŸº Î£Ï„Î·Î½ Ï…Î³ÎµÎ¹Î¬ Î¼Î±Ï‚ Îº ÎŒÎ»Î¿Î¹ Î¿Î¹ ÎºÎ±Î»Î¿Î¯ Ï‡Ï‰ÏÎ¬Î½Îµ.,https://www.youtube.com/watch?v=gUeMZez8GzU&pp=ygUjzrXOu867zrfOvc65zrrOsSDPhM-BzrHOs86_z4XOtM65zrE%3D,song,Ğ‘Ñ€Ğ°Ğ²Ğ¾ ,2023-04-27
101,â™« 5 Î©ÏÎµÏ‚ Non Stop special!! ğŸ’“ğŸµ Î‘Ï€Î¿ÎºÎ»ÎµÎ¹ÏƒÏ„Î¹ÎºÎ¬ Î³Î¹Î± Î¼ÎµÏÎ±ÎºÎ»Î®Î´ÎµÏ‚! ğŸº Î£Ï„Î·Î½ Ï…Î³ÎµÎ¹Î¬ Î¼Î±Ï‚ Îº ÎŒÎ»Î¿Î¹ Î¿Î¹ ÎºÎ±Î»Î¿Î¯ Ï‡Ï‰ÏÎ¬Î½Îµ.,https://www.youtube.com/watch?v=gUeMZez8GzU&pp=ygUjzrXOu867zrfOvc65zrrOsSDPhM-BzrHOs86_z4XOtM65zrE%3D,song,"Je suis franÃ§aise, et j'adore la GrÃ¨ce, j'ai un ami grec ,depuis 50ans Elias Petsas,bodybuilding",2020-11-27
102,â™« 5 Î©ÏÎµÏ‚ Non Stop special!! ğŸ’“ğŸµ Î‘Ï€Î¿ÎºÎ»ÎµÎ¹ÏƒÏ„Î¹ÎºÎ¬ Î³Î¹Î± Î¼ÎµÏÎ±ÎºÎ»Î®Î´ÎµÏ‚! ğŸº Î£Ï„Î·Î½ Ï…Î³ÎµÎ¹Î¬ Î¼Î±Ï‚ Îº ÎŒÎ»Î¿Î¹ Î¿Î¹ ÎºÎ±Î»Î¿Î¯ Ï‡Ï‰ÏÎ¬Î½Îµ.,https://www.youtube.com/watch?v=gUeMZez8GzU&pp=ygUjzrXOu867zrfOvc65zrrOsSDPhM-BzrHOs86_z4XOtM65zrE%3D,song,GÃ¼zel taksimat ,2021-11-27
103,â™« 5 Î©ÏÎµÏ‚ Non Stop special!! ğŸ’“ğŸµ Î‘Ï€Î¿ÎºÎ»ÎµÎ¹ÏƒÏ„Î¹ÎºÎ¬ Î³Î¹Î± Î¼ÎµÏÎ±ÎºÎ»Î®Î´ÎµÏ‚! ğŸº Î£Ï„Î·Î½ Ï…Î³ÎµÎ¹Î¬ Î¼Î±Ï‚ Îº ÎŒÎ»Î¿Î¹ Î¿Î¹ ÎºÎ±Î»Î¿Î¯ Ï‡Ï‰ÏÎ¬Î½Îµ.,https://www.youtube.com/watch?v=gUeMZez8GzU&pp=ygUjzrXOu867zrfOvc65zrrOsSDPhM-BzrHOs86_z4XOtM65zrE%3D,song,Bueno entre para ver pero la verdad me encanto la musica y como se divierten jose desde uruguay,2022-11-27
104,â™« 5 Î©ÏÎµÏ‚ Non Stop special!! ğŸ’“ğŸµ Î‘Ï€Î¿ÎºÎ»ÎµÎ¹ÏƒÏ„Î¹ÎºÎ¬ Î³Î¹Î± Î¼ÎµÏÎ±ÎºÎ»Î®Î´ÎµÏ‚! ğŸº Î£Ï„Î·Î½ Ï…Î³ÎµÎ¹Î¬ Î¼Î±Ï‚ Îº ÎŒÎ»Î¿Î¹ Î¿Î¹ ÎºÎ±Î»Î¿Î¯ Ï‡Ï‰ÏÎ¬Î½Îµ.,https://www.youtube.com/watch?v=gUeMZez8GzU&pp=ygUjzrXOu867zrfOvc65zrrOsSDPhM-BzrHOs86_z4XOtM65zrE%3D,song,Bana Ã§ocukluÄŸumu hatÄ±rlatÄ±yorsunuz KadÄ±kÃ¶y de komÅŸularimz yorgo panayut  NeÅŸeniz bol olsun varolun,2023-04-27
105,â™« 5 Î©ÏÎµÏ‚ Non Stop special!! ğŸ’“ğŸµ Î‘Ï€Î¿ÎºÎ»ÎµÎ¹ÏƒÏ„Î¹ÎºÎ¬ Î³Î¹Î± Î¼ÎµÏÎ±ÎºÎ»Î®Î´ÎµÏ‚! ğŸº Î£Ï„Î·Î½ Ï…Î³ÎµÎ¹Î¬ Î¼Î±Ï‚ Îº ÎŒÎ»Î¿Î¹ Î¿Î¹ ÎºÎ±Î»Î¿Î¯ Ï‡Ï‰ÏÎ¬Î½Îµ.,https://www.youtube.com/watch?v=gUeMZez8GzU&pp=ygUjzrXOu867zrfOvc65zrrOsSDPhM-BzrHOs86_z4XOtM65zrE%3D,song,"ĞŸÑ€Ğ¸Ğ²ĞµÑ‚.ĞºĞ°Ğ½Ğ°Ğ»Ñƒ.Ğ¾Ğ³Ñ€Ğ¾Ğ¼Ğ½Ğ¾Ğµ
ÑĞ¿Ğ°ÑĞ¸Ğ±Ğ¾.Ğ·Ğ°.Ğ³Ñ€ĞµÑ‡ĞµÑĞºĞ¸Ğµ.Ğ¿ĞµÑĞ½Ğ¸",2022-11-27
106,â™« 5 Î©ÏÎµÏ‚ Non Stop special!! ğŸ’“ğŸµ Î‘Ï€Î¿ÎºÎ»ÎµÎ¹ÏƒÏ„Î¹ÎºÎ¬ Î³Î¹Î± Î¼ÎµÏÎ±ÎºÎ»Î®Î´ÎµÏ‚! ğŸº Î£Ï„Î·Î½ Ï…Î³ÎµÎ¹Î¬ Î¼Î±Ï‚ Îº ÎŒÎ»Î¿Î¹ Î¿Î¹ ÎºÎ±Î»Î¿Î¯ Ï‡Ï‰ÏÎ¬Î½Îµ.,https://www.youtube.com/watch?v=gUeMZez8GzU&pp=ygUjzrXOu867zrfOvc65zrrOsSDPhM-BzrHOs86_z4XOtM65zrE%3D,song,SÃ¼per,2021-11-27
107,â™« 5 Î©ÏÎµÏ‚ Non Stop special!! ğŸ’“ğŸµ Î‘Ï€Î¿ÎºÎ»ÎµÎ¹ÏƒÏ„Î¹ÎºÎ¬ Î³Î¹Î± Î¼ÎµÏÎ±ÎºÎ»Î®Î´ÎµÏ‚! ğŸº Î£Ï„Î·Î½ Ï…Î³ÎµÎ¹Î¬ Î¼Î±Ï‚ Îº ÎŒÎ»Î¿Î¹ Î¿Î¹ ÎºÎ±Î»Î¿Î¯ Ï‡Ï‰ÏÎ¬Î½Îµ.,https://www.youtube.com/watch?v=gUeMZez8GzU&pp=ygUjzrXOu867zrfOvc65zrrOsSDPhM-BzrHOs86_z4XOtM65zrE%3D,song,ï¸ï¸ï¸ğŸ‡±ğŸ‡¹,2022-11-27
108,â™« 5 Î©ÏÎµÏ‚ Non Stop special!! ğŸ’“ğŸµ Î‘Ï€Î¿ÎºÎ»ÎµÎ¹ÏƒÏ„Î¹ÎºÎ¬ Î³Î¹Î± Î¼ÎµÏÎ±ÎºÎ»Î®Î´ÎµÏ‚! ğŸº Î£Ï„Î·Î½ Ï…Î³ÎµÎ¹Î¬ Î¼Î±Ï‚ Îº ÎŒÎ»Î¿Î¹ Î¿Î¹ ÎºÎ±Î»Î¿Î¯ Ï‡Ï‰ÏÎ¬Î½Îµ.,https://www.youtube.com/watch?v=gUeMZez8GzU&pp=ygUjzrXOu867zrfOvc65zrrOsSDPhM-BzrHOs86_z4XOtM65zrE%3D,song,Tek kelimeyle le harika,2021-11-27
109,â™« 5 Î©ÏÎµÏ‚ Non Stop special!! ğŸ’“ğŸµ Î‘Ï€Î¿ÎºÎ»ÎµÎ¹ÏƒÏ„Î¹ÎºÎ¬ Î³Î¹Î± Î¼ÎµÏÎ±ÎºÎ»Î®Î´ÎµÏ‚! ğŸº Î£Ï„Î·Î½ Ï…Î³ÎµÎ¹Î¬ Î¼Î±Ï‚ Îº ÎŒÎ»Î¿Î¹ Î¿Î¹ ÎºÎ±Î»Î¿Î¯ Ï‡Ï‰ÏÎ¬Î½Îµ.,https://www.youtube.com/watch?v=gUeMZez8GzU&pp=ygUjzrXOu867zrfOvc65zrrOsSDPhM-BzrHOs86_z4XOtM65zrE%3D,song,Gara-gara Akun Quora Kevin saya jadi ketemu saluran anda ini walaupun memakan waktu 5 jam tapi itu membuat saya terseret ke alam pikiran penari salam dari Indonesia .,2022-11-27
110,â™« 5 Î©ÏÎµÏ‚ Non Stop special!! ğŸ’“ğŸµ Î‘Ï€Î¿ÎºÎ»ÎµÎ¹ÏƒÏ„Î¹ÎºÎ¬ Î³Î¹Î± Î¼ÎµÏÎ±ÎºÎ»Î®Î´ÎµÏ‚! ğŸº Î£Ï„Î·Î½ Ï…Î³ÎµÎ¹Î¬ Î¼Î±Ï‚ Îº ÎŒÎ»Î¿Î¹ Î¿Î¹ ÎºÎ±Î»Î¿Î¯ Ï‡Ï‰ÏÎ¬Î½Îµ.,https://www.youtube.com/watch?v=gUeMZez8GzU&pp=ygUjzrXOu867zrfOvc65zrrOsSDPhM-BzrHOs86_z4XOtM65zrE%3D,song,Bravo ,2020-11-27
111,â™« 5 Î©ÏÎµÏ‚ Non Stop special!! ğŸ’“ğŸµ Î‘Ï€Î¿ÎºÎ»ÎµÎ¹ÏƒÏ„Î¹ÎºÎ¬ Î³Î¹Î± Î¼ÎµÏÎ±ÎºÎ»Î®Î´ÎµÏ‚! ğŸº Î£Ï„Î·Î½ Ï…Î³ÎµÎ¹Î¬ Î¼Î±Ï‚ Îº ÎŒÎ»Î¿Î¹ Î¿Î¹ ÎºÎ±Î»Î¿Î¯ Ï‡Ï‰ÏÎ¬Î½Îµ.,https://www.youtube.com/watch?v=gUeMZez8GzU&pp=ygUjzrXOu867zrfOvc65zrrOsSDPhM-BzrHOs86_z4XOtM65zrE%3D,song,Ø§Ø¬Ù…Ù„ Ø§Ù„ØºØ§Ù†ÙŠ ÙŠÙˆÙ†ÙŠØ©,2020-11-27
112,â™« 5 Î©ÏÎµÏ‚ Non Stop special!! ğŸ’“ğŸµ Î‘Ï€Î¿ÎºÎ»ÎµÎ¹ÏƒÏ„Î¹ÎºÎ¬ Î³Î¹Î± Î¼ÎµÏÎ±ÎºÎ»Î®Î´ÎµÏ‚! ğŸº Î£Ï„Î·Î½ Ï…Î³ÎµÎ¹Î¬ Î¼Î±Ï‚ Îº ÎŒÎ»Î¿Î¹ Î¿Î¹ ÎºÎ±Î»Î¿Î¯ Ï‡Ï‰ÏÎ¬Î½Îµ.,https://www.youtube.com/watch?v=gUeMZez8GzU&pp=ygUjzrXOu867zrfOvc65zrrOsSDPhM-BzrHOs86_z4XOtM65zrE%3D,song,2:34:35 better than waterparks,2023-02-27
113,â™« 5 Î©ÏÎµÏ‚ Non Stop special!! ğŸ’“ğŸµ Î‘Ï€Î¿ÎºÎ»ÎµÎ¹ÏƒÏ„Î¹ÎºÎ¬ Î³Î¹Î± Î¼ÎµÏÎ±ÎºÎ»Î®Î´ÎµÏ‚! ğŸº Î£Ï„Î·Î½ Ï…Î³ÎµÎ¹Î¬ Î¼Î±Ï‚ Îº ÎŒÎ»Î¿Î¹ Î¿Î¹ ÎºÎ±Î»Î¿Î¯ Ï‡Ï‰ÏÎ¬Î½Îµ.,https://www.youtube.com/watch?v=gUeMZez8GzU&pp=ygUjzrXOu867zrfOvc65zrrOsSDPhM-BzrHOs86_z4XOtM65zrE%3D,song,Bravo  Paola.,2022-11-27
114,â™« 5 Î©ÏÎµÏ‚ Non Stop special!! ğŸ’“ğŸµ Î‘Ï€Î¿ÎºÎ»ÎµÎ¹ÏƒÏ„Î¹ÎºÎ¬ Î³Î¹Î± Î¼ÎµÏÎ±ÎºÎ»Î®Î´ÎµÏ‚! ğŸº Î£Ï„Î·Î½ Ï…Î³ÎµÎ¹Î¬ Î¼Î±Ï‚ Îº ÎŒÎ»Î¿Î¹ Î¿Î¹ ÎºÎ±Î»Î¿Î¯ Ï‡Ï‰ÏÎ¬Î½Îµ.,https://www.youtube.com/watch?v=gUeMZez8GzU&pp=ygUjzrXOu867zrfOvc65zrrOsSDPhM-BzrHOs86_z4XOtM65zrE%3D,song,MÃœZÄ°K GÃœZEL YUNAN BAYANIN SESI DE GÃœZEL BRAVO LADY,2020-11-27
115,â™« 5 Î©ÏÎµÏ‚ Non Stop special!! ğŸ’“ğŸµ Î‘Ï€Î¿ÎºÎ»ÎµÎ¹ÏƒÏ„Î¹ÎºÎ¬ Î³Î¹Î± Î¼ÎµÏÎ±ÎºÎ»Î®Î´ÎµÏ‚! ğŸº Î£Ï„Î·Î½ Ï…Î³ÎµÎ¹Î¬ Î¼Î±Ï‚ Îº ÎŒÎ»Î¿Î¹ Î¿Î¹ ÎºÎ±Î»Î¿Î¯ Ï‡Ï‰ÏÎ¬Î½Îµ.,https://www.youtube.com/watch?v=gUeMZez8GzU&pp=ygUjzrXOu867zrfOvc65zrrOsSDPhM-BzrHOs86_z4XOtM65zrE%3D,song,,2022-12-27
116,â™« 5 Î©ÏÎµÏ‚ Non Stop special!! ğŸ’“ğŸµ Î‘Ï€Î¿ÎºÎ»ÎµÎ¹ÏƒÏ„Î¹ÎºÎ¬ Î³Î¹Î± Î¼ÎµÏÎ±ÎºÎ»Î®Î´ÎµÏ‚! ğŸº Î£Ï„Î·Î½ Ï…Î³ÎµÎ¹Î¬ Î¼Î±Ï‚ Îº ÎŒÎ»Î¿Î¹ Î¿Î¹ ÎºÎ±Î»Î¿Î¯ Ï‡Ï‰ÏÎ¬Î½Îµ.,https://www.youtube.com/watch?v=gUeMZez8GzU&pp=ygUjzrXOu867zrfOvc65zrrOsSDPhM-BzrHOs86_z4XOtM65zrE%3D,song,LOVE FROM MELBOURNE  XXXXXXX,2020-11-27
117,â™« 5 Î©ÏÎµÏ‚ Non Stop special!! ğŸ’“ğŸµ Î‘Ï€Î¿ÎºÎ»ÎµÎ¹ÏƒÏ„Î¹ÎºÎ¬ Î³Î¹Î± Î¼ÎµÏÎ±ÎºÎ»Î®Î´ÎµÏ‚! ğŸº Î£Ï„Î·Î½ Ï…Î³ÎµÎ¹Î¬ Î¼Î±Ï‚ Îº ÎŒÎ»Î¿Î¹ Î¿Î¹ ÎºÎ±Î»Î¿Î¯ Ï‡Ï‰ÏÎ¬Î½Îµ.,https://www.youtube.com/watch?v=gUeMZez8GzU&pp=ygUjzrXOu867zrfOvc65zrrOsSDPhM-BzrHOs86_z4XOtM65zrE%3D,song,,2023-08-27
118,â™« 5 Î©ÏÎµÏ‚ Non Stop special!! ğŸ’“ğŸµ Î‘Ï€Î¿ÎºÎ»ÎµÎ¹ÏƒÏ„Î¹ÎºÎ¬ Î³Î¹Î± Î¼ÎµÏÎ±ÎºÎ»Î®Î´ÎµÏ‚! ğŸº Î£Ï„Î·Î½ Ï…Î³ÎµÎ¹Î¬ Î¼Î±Ï‚ Îº ÎŒÎ»Î¿Î¹ Î¿Î¹ ÎºÎ±Î»Î¿Î¯ Ï‡Ï‰ÏÎ¬Î½Îµ.,https://www.youtube.com/watch?v=gUeMZez8GzU&pp=ygUjzrXOu867zrfOvc65zrrOsSDPhM-BzrHOs86_z4XOtM65zrE%3D,song,The best music.,2020-11-27
119,â™« 5 Î©ÏÎµÏ‚ Non Stop special!! ğŸ’“ğŸµ Î‘Ï€Î¿ÎºÎ»ÎµÎ¹ÏƒÏ„Î¹ÎºÎ¬ Î³Î¹Î± Î¼ÎµÏÎ±ÎºÎ»Î®Î´ÎµÏ‚! ğŸº Î£Ï„Î·Î½ Ï…Î³ÎµÎ¹Î¬ Î¼Î±Ï‚ Îº ÎŒÎ»Î¿Î¹ Î¿Î¹ ÎºÎ±Î»Î¿Î¯ Ï‡Ï‰ÏÎ¬Î½Îµ.,https://www.youtube.com/watch?v=gUeMZez8GzU&pp=ygUjzrXOu867zrfOvc65zrrOsSDPhM-BzrHOs86_z4XOtM65zrE%3D,song,Elada,2023-08-27
120,â™« 5 Î©ÏÎµÏ‚ Non Stop special!! ğŸ’“ğŸµ Î‘Ï€Î¿ÎºÎ»ÎµÎ¹ÏƒÏ„Î¹ÎºÎ¬ Î³Î¹Î± Î¼ÎµÏÎ±ÎºÎ»Î®Î´ÎµÏ‚! ğŸº Î£Ï„Î·Î½ Ï…Î³ÎµÎ¹Î¬ Î¼Î±Ï‚ Îº ÎŒÎ»Î¿Î¹ Î¿Î¹ ÎºÎ±Î»Î¿Î¯ Ï‡Ï‰ÏÎ¬Î½Îµ.,https://www.youtube.com/watch?v=gUeMZez8GzU&pp=ygUjzrXOu867zrfOvc65zrrOsSDPhM-BzrHOs86_z4XOtM65zrE%3D,song,"Ğ•ÑĞ»Ğ¸ Ğ½ĞµÑ‚ ,Ğ½Ğ¸ Ğ½Ğ°Ñ‡Ğ°Ğ»Ğ¾ Ğ½Ğ¸ ĞºĞ¾Ğ½Ñ†Ğ°,ĞœĞ« Ğ±Ñ‹Ğ»Ğ¸ Ğ²ÑĞµĞ³Ğ´Ğ°!Ğ¿Ğ¾Ğ´ÑƒĞ¼Ğ°Ğ¹ ÑĞ°Ğ¼(Ğ°) ,ÑÑ‚Ğ°Ğ½ĞµÑˆÑŒ Ğ½Ğ° ÑÑ‚Ğ¾Ñ€Ğ¾Ğ½Ñƒ Ğ‘Ğ¾Ğ³Ğ° ,Ğ¿Ğ¾Ğ»ÑƒÑ‡Ğ¸ÑˆÑŒ Ğ¾Ñ‚ Ğ´ÑŒÑĞ²Ğ¾Ğ»Ğ°,ÑÑ‚Ğ°Ğ½ĞµÑˆÑŒ Ğ½Ğ° ÑÑ‚Ğ¾Ñ€Ğ¾Ğ½Ñƒ Ğ´ÑŒÑĞ²Ğ¾Ğ»Ğ°,Ğ¿Ğ¾Ğ»ÑƒÑ‡Ğ¸ÑˆÑŒ Ğ¾Ñ‚ Ğ‘Ğ¾Ğ³Ğ°...ÑĞ¿Ğ°ÑĞµĞ½Ğ¸Ğµ Ñ‚Ğ¾Ğ»ÑŒĞºĞ¾ Ğ½Ğ° ÑÑ‚Ğ¾Ñ€Ğ¾Ğ½Ğµ Ğ“Ğ¾ÑĞ¿Ğ¾Ğ´Ğ° Ğ‘Ğ¾Ğ³Ğ°.",2022-11-27
121,â™« 5 Î©ÏÎµÏ‚ Non Stop special!! ğŸ’“ğŸµ Î‘Ï€Î¿ÎºÎ»ÎµÎ¹ÏƒÏ„Î¹ÎºÎ¬ Î³Î¹Î± Î¼ÎµÏÎ±ÎºÎ»Î®Î´ÎµÏ‚! ğŸº Î£Ï„Î·Î½ Ï…Î³ÎµÎ¹Î¬ Î¼Î±Ï‚ Îº ÎŒÎ»Î¿Î¹ Î¿Î¹ ÎºÎ±Î»Î¿Î¯ Ï‡Ï‰ÏÎ¬Î½Îµ.,https://www.youtube.com/watch?v=gUeMZez8GzU&pp=ygUjzrXOu867zrfOvc65zrrOsSDPhM-BzrHOs86_z4XOtM65zrE%3D,song,MpravoSas re Maggeeesss!!eisaste YperoxoiOppaaa!!,2022-11-27
122,â™« 5 Î©ÏÎµÏ‚ Non Stop special!! ğŸ’“ğŸµ Î‘Ï€Î¿ÎºÎ»ÎµÎ¹ÏƒÏ„Î¹ÎºÎ¬ Î³Î¹Î± Î¼ÎµÏÎ±ÎºÎ»Î®Î´ÎµÏ‚! ğŸº Î£Ï„Î·Î½ Ï…Î³ÎµÎ¹Î¬ Î¼Î±Ï‚ Îº ÎŒÎ»Î¿Î¹ Î¿Î¹ ÎºÎ±Î»Î¿Î¯ Ï‡Ï‰ÏÎ¬Î½Îµ.,https://www.youtube.com/watch?v=gUeMZez8GzU&pp=ygUjzrXOu867zrfOvc65zrrOsSDPhM-BzrHOs86_z4XOtM65zrE%3D,song,"1:38:38 most left one , priceless...",2021-11-27
123,â™« 5 Î©ÏÎµÏ‚ Non Stop special!! ğŸ’“ğŸµ Î‘Ï€Î¿ÎºÎ»ÎµÎ¹ÏƒÏ„Î¹ÎºÎ¬ Î³Î¹Î± Î¼ÎµÏÎ±ÎºÎ»Î®Î´ÎµÏ‚! ğŸº Î£Ï„Î·Î½ Ï…Î³ÎµÎ¹Î¬ Î¼Î±Ï‚ Îº ÎŒÎ»Î¿Î¹ Î¿Î¹ ÎºÎ±Î»Î¿Î¯ Ï‡Ï‰ÏÎ¬Î½Îµ.,https://www.youtube.com/watch?v=gUeMZez8GzU&pp=ygUjzrXOu867zrfOvc65zrrOsSDPhM-BzrHOs86_z4XOtM65zrE%3D,song,DostÃ§a gelene kalbim aÃ§Ä±k,2023-11-13
124,â™« 5 Î©ÏÎµÏ‚ Non Stop special!! ğŸ’“ğŸµ Î‘Ï€Î¿ÎºÎ»ÎµÎ¹ÏƒÏ„Î¹ÎºÎ¬ Î³Î¹Î± Î¼ÎµÏÎ±ÎºÎ»Î®Î´ÎµÏ‚! ğŸº Î£Ï„Î·Î½ Ï…Î³ÎµÎ¹Î¬ Î¼Î±Ï‚ Îº ÎŒÎ»Î¿Î¹ Î¿Î¹ ÎºÎ±Î»Î¿Î¯ Ï‡Ï‰ÏÎ¬Î½Îµ.,https://www.youtube.com/watch?v=gUeMZez8GzU&pp=ygUjzrXOu867zrfOvc65zrrOsSDPhM-BzrHOs86_z4XOtM65zrE%3D,song,ÙˆØ§ÙˆÙˆÙˆÙˆÙˆÙˆÙˆ Ø§Ø­Ø³Ø§Ø³ ÙƒØ§Ù…Ù„,2023-02-27
125,â™« 5 Î©ÏÎµÏ‚ Non Stop special!! ğŸ’“ğŸµ Î‘Ï€Î¿ÎºÎ»ÎµÎ¹ÏƒÏ„Î¹ÎºÎ¬ Î³Î¹Î± Î¼ÎµÏÎ±ÎºÎ»Î®Î´ÎµÏ‚! ğŸº Î£Ï„Î·Î½ Ï…Î³ÎµÎ¹Î¬ Î¼Î±Ï‚ Îº ÎŒÎ»Î¿Î¹ Î¿Î¹ ÎºÎ±Î»Î¿Î¯ Ï‡Ï‰ÏÎ¬Î½Îµ.,https://www.youtube.com/watch?v=gUeMZez8GzU&pp=ygUjzrXOu867zrfOvc65zrrOsSDPhM-BzrHOs86_z4XOtM65zrE%3D,song,This is my shit!!!,2022-11-27
126,â™« 5 Î©ÏÎµÏ‚ Non Stop special!! ğŸ’“ğŸµ Î‘Ï€Î¿ÎºÎ»ÎµÎ¹ÏƒÏ„Î¹ÎºÎ¬ Î³Î¹Î± Î¼ÎµÏÎ±ÎºÎ»Î®Î´ÎµÏ‚! ğŸº Î£Ï„Î·Î½ Ï…Î³ÎµÎ¹Î¬ Î¼Î±Ï‚ Îº ÎŒÎ»Î¿Î¹ Î¿Î¹ ÎºÎ±Î»Î¿Î¯ Ï‡Ï‰ÏÎ¬Î½Îµ.,https://www.youtube.com/watch?v=gUeMZez8GzU&pp=ygUjzrXOu867zrfOvc65zrrOsSDPhM-BzrHOs86_z4XOtM65zrE%3D,song,Ğ‘Ñ€Ğ°Ğ²Ğ¾ ĞÑ€ĞµĞ» 68.Ğ’ÑŠÑ€Ğ½Ğ° Ğ¼Ğµ 30 Ğ³Ğ¾Ğ´Ğ¸Ğ½Ğ¸ Ğ² Ğ¼Ğ»Ğ°Ğ´Ğ¾ÑÑ‚Ñ‚Ğ°.ĞœĞ½Ğ¾Ğ³Ğ¾ Ğ´Ğ¾Ğ±Ñ€Ğ° Ñ€Ğ°Ğ±Ğ¾Ñ‚Ğ°.Ğ‘Ğ»Ğ°Ğ³Ğ¾Ğ´Ğ°Ñ€Ñ.Ğ”Ğ° ÑĞ¸ Ğ¶Ğ¸Ğ² Ğ¸ Ğ·Ğ´Ñ€Ğ°Ğ².,2021-11-27
127,â™« 5 Î©ÏÎµÏ‚ Non Stop special!! ğŸ’“ğŸµ Î‘Ï€Î¿ÎºÎ»ÎµÎ¹ÏƒÏ„Î¹ÎºÎ¬ Î³Î¹Î± Î¼ÎµÏÎ±ÎºÎ»Î®Î´ÎµÏ‚! ğŸº Î£Ï„Î·Î½ Ï…Î³ÎµÎ¹Î¬ Î¼Î±Ï‚ Îº ÎŒÎ»Î¿Î¹ Î¿Î¹ ÎºÎ±Î»Î¿Î¯ Ï‡Ï‰ÏÎ¬Î½Îµ.,https://www.youtube.com/watch?v=gUeMZez8GzU&pp=ygUjzrXOu867zrfOvc65zrrOsSDPhM-BzrHOs86_z4XOtM65zrE%3D,song,Pame Maestro ,2021-11-27
128,â™« 5 Î©ÏÎµÏ‚ Non Stop special!! ğŸ’“ğŸµ Î‘Ï€Î¿ÎºÎ»ÎµÎ¹ÏƒÏ„Î¹ÎºÎ¬ Î³Î¹Î± Î¼ÎµÏÎ±ÎºÎ»Î®Î´ÎµÏ‚! ğŸº Î£Ï„Î·Î½ Ï…Î³ÎµÎ¹Î¬ Î¼Î±Ï‚ Îº ÎŒÎ»Î¿Î¹ Î¿Î¹ ÎºÎ±Î»Î¿Î¯ Ï‡Ï‰ÏÎ¬Î½Îµ.,https://www.youtube.com/watch?v=gUeMZez8GzU&pp=ygUjzrXOu867zrfOvc65zrrOsSDPhM-BzrHOs86_z4XOtM65zrE%3D,song,"Ğ‘Ñ‹Ğ» Ğ±Ñ‹ Ñ Ñ‚Ğ°Ğ¼ ÑƒÑÑ‚Ñ€Ğ¾Ğ¸Ğ» Ğ±Ñ‹ Ğ¶Ğ¾ÑÑ‚ĞºÑƒÑ Ğ¿ÑŒÑĞ½ĞºÑƒ. Ğ’Ñ‹ Ñ‡Ğ¾ ÑĞ»Ğ»Ğ¸Ğ½Ñ‹ Ñ‚Ğ°Ğ¼ Ğ½Ğ° ÑÑƒÑ…ÑƒÑ? ĞŸĞ°Ğ¾Ğ»Ğ°, Ğ³Ğ´Ğµ ĞÑ€ĞµÑ‚ÑŒÑÑˆĞºĞ°, Ğ¼Ğ¾Ñ Ğ¾Ğ±Ğ¾Ğ¶Ğ°Ğ¹ĞºĞ°?!",2021-11-27
129,â™« 5 Î©ÏÎµÏ‚ Non Stop special!! ğŸ’“ğŸµ Î‘Ï€Î¿ÎºÎ»ÎµÎ¹ÏƒÏ„Î¹ÎºÎ¬ Î³Î¹Î± Î¼ÎµÏÎ±ÎºÎ»Î®Î´ÎµÏ‚! ğŸº Î£Ï„Î·Î½ Ï…Î³ÎµÎ¹Î¬ Î¼Î±Ï‚ Îº ÎŒÎ»Î¿Î¹ Î¿Î¹ ÎºÎ±Î»Î¿Î¯ Ï‡Ï‰ÏÎ¬Î½Îµ.,https://www.youtube.com/watch?v=gUeMZez8GzU&pp=ygUjzrXOu867zrfOvc65zrrOsSDPhM-BzrHOs86_z4XOtM65zrE%3D,song,Hizmetleriniz iÃ§in teÅŸekkÃ¼r ederim Ã§ok keyif alÄ±yorum,2023-07-27
130,â™« 5 Î©ÏÎµÏ‚ Non Stop special!! ğŸ’“ğŸµ Î‘Ï€Î¿ÎºÎ»ÎµÎ¹ÏƒÏ„Î¹ÎºÎ¬ Î³Î¹Î± Î¼ÎµÏÎ±ÎºÎ»Î®Î´ÎµÏ‚! ğŸº Î£Ï„Î·Î½ Ï…Î³ÎµÎ¹Î¬ Î¼Î±Ï‚ Îº ÎŒÎ»Î¿Î¹ Î¿Î¹ ÎºÎ±Î»Î¿Î¯ Ï‡Ï‰ÏÎ¬Î½Îµ.,https://www.youtube.com/watch?v=gUeMZez8GzU&pp=ygUjzrXOu867zrfOvc65zrrOsSDPhM-BzrHOs86_z4XOtM65zrE%3D,song,"Mood right now 5:01:00
Repatriation! Love from the diaspora.",2021-11-27
131,â™« 5 Î©ÏÎµÏ‚ Non Stop special!! ğŸ’“ğŸµ Î‘Ï€Î¿ÎºÎ»ÎµÎ¹ÏƒÏ„Î¹ÎºÎ¬ Î³Î¹Î± Î¼ÎµÏÎ±ÎºÎ»Î®Î´ÎµÏ‚! ğŸº Î£Ï„Î·Î½ Ï…Î³ÎµÎ¹Î¬ Î¼Î±Ï‚ Îº ÎŒÎ»Î¿Î¹ Î¿Î¹ ÎºÎ±Î»Î¿Î¯ Ï‡Ï‰ÏÎ¬Î½Îµ.,https://www.youtube.com/watch?v=gUeMZez8GzU&pp=ygUjzrXOu867zrfOvc65zrrOsSDPhM-BzrHOs86_z4XOtM65zrE%3D,song,What a great great person he looks like my ex husband,2023-06-27
132,â™« 5 Î©ÏÎµÏ‚ Non Stop special!! ğŸ’“ğŸµ Î‘Ï€Î¿ÎºÎ»ÎµÎ¹ÏƒÏ„Î¹ÎºÎ¬ Î³Î¹Î± Î¼ÎµÏÎ±ÎºÎ»Î®Î´ÎµÏ‚! ğŸº Î£Ï„Î·Î½ Ï…Î³ÎµÎ¹Î¬ Î¼Î±Ï‚ Îº ÎŒÎ»Î¿Î¹ Î¿Î¹ ÎºÎ±Î»Î¿Î¯ Ï‡Ï‰ÏÎ¬Î½Îµ.,https://www.youtube.com/watch?v=gUeMZez8GzU&pp=ygUjzrXOu867zrfOvc65zrrOsSDPhM-BzrHOs86_z4XOtM65zrE%3D,song,Spyros Papadopoulos you are always the best I love you damn always my name is Spyridoula but I call my name here Sandy Roupas I am so proud of you you are a Greek legend you are adorable,2023-06-27
133,â™« 5 Î©ÏÎµÏ‚ Non Stop special!! ğŸ’“ğŸµ Î‘Ï€Î¿ÎºÎ»ÎµÎ¹ÏƒÏ„Î¹ÎºÎ¬ Î³Î¹Î± Î¼ÎµÏÎ±ÎºÎ»Î®Î´ÎµÏ‚! ğŸº Î£Ï„Î·Î½ Ï…Î³ÎµÎ¹Î¬ Î¼Î±Ï‚ Îº ÎŒÎ»Î¿Î¹ Î¿Î¹ ÎºÎ±Î»Î¿Î¯ Ï‡Ï‰ÏÎ¬Î½Îµ.,https://www.youtube.com/watch?v=gUeMZez8GzU&pp=ygUjzrXOu867zrfOvc65zrrOsSDPhM-BzrHOs86_z4XOtM65zrE%3D,song,"EbedileÅŸmiÅŸ OsmanlÄ±nÄ±n 
Ruhunu Ä°zlerini Ä°nsanlardan
SÃ¶yleyenleride Dinleyenleride GÃ¶rmek kadar gÃ¼zel ki GÃ¶rmÃ¼ÅŸ kadar 
Dinlemekte Duymakta",2021-11-27
134,â™« 5 Î©ÏÎµÏ‚ Non Stop special!! ğŸ’“ğŸµ Î‘Ï€Î¿ÎºÎ»ÎµÎ¹ÏƒÏ„Î¹ÎºÎ¬ Î³Î¹Î± Î¼ÎµÏÎ±ÎºÎ»Î®Î´ÎµÏ‚! ğŸº Î£Ï„Î·Î½ Ï…Î³ÎµÎ¹Î¬ Î¼Î±Ï‚ Îº ÎŒÎ»Î¿Î¹ Î¿Î¹ ÎºÎ±Î»Î¿Î¯ Ï‡Ï‰ÏÎ¬Î½Îµ.,https://www.youtube.com/watch?v=gUeMZez8GzU&pp=ygUjzrXOu867zrfOvc65zrrOsSDPhM-BzrHOs86_z4XOtM65zrE%3D,song,Bravo re pedia!! Me agapi apo th Mosxa,2020-11-27
135,â™« 5 Î©ÏÎµÏ‚ Non Stop special!! ğŸ’“ğŸµ Î‘Ï€Î¿ÎºÎ»ÎµÎ¹ÏƒÏ„Î¹ÎºÎ¬ Î³Î¹Î± Î¼ÎµÏÎ±ÎºÎ»Î®Î´ÎµÏ‚! ğŸº Î£Ï„Î·Î½ Ï…Î³ÎµÎ¹Î¬ Î¼Î±Ï‚ Îº ÎŒÎ»Î¿Î¹ Î¿Î¹ ÎºÎ±Î»Î¿Î¯ Ï‡Ï‰ÏÎ¬Î½Îµ.,https://www.youtube.com/watch?v=gUeMZez8GzU&pp=ygUjzrXOu867zrfOvc65zrrOsSDPhM-BzrHOs86_z4XOtM65zrE%3D,song,Loves from Turkey ,2020-11-27
136,â™« 5 Î©ÏÎµÏ‚ Non Stop special!! ğŸ’“ğŸµ Î‘Ï€Î¿ÎºÎ»ÎµÎ¹ÏƒÏ„Î¹ÎºÎ¬ Î³Î¹Î± Î¼ÎµÏÎ±ÎºÎ»Î®Î´ÎµÏ‚! ğŸº Î£Ï„Î·Î½ Ï…Î³ÎµÎ¹Î¬ Î¼Î±Ï‚ Îº ÎŒÎ»Î¿Î¹ Î¿Î¹ ÎºÎ±Î»Î¿Î¯ Ï‡Ï‰ÏÎ¬Î½Îµ.,https://www.youtube.com/watch?v=gUeMZez8GzU&pp=ygUjzrXOu867zrfOvc65zrrOsSDPhM-BzrHOs86_z4XOtM65zrE%3D,song,Super,2023-11-06
137,â™« 5 Î©ÏÎµÏ‚ Non Stop special!! ğŸ’“ğŸµ Î‘Ï€Î¿ÎºÎ»ÎµÎ¹ÏƒÏ„Î¹ÎºÎ¬ Î³Î¹Î± Î¼ÎµÏÎ±ÎºÎ»Î®Î´ÎµÏ‚! ğŸº Î£Ï„Î·Î½ Ï…Î³ÎµÎ¹Î¬ Î¼Î±Ï‚ Îº ÎŒÎ»Î¿Î¹ Î¿Î¹ ÎºÎ±Î»Î¿Î¯ Ï‡Ï‰ÏÎ¬Î½Îµ.,https://www.youtube.com/watch?v=gUeMZez8GzU&pp=ygUjzrXOu867zrfOvc65zrrOsSDPhM-BzrHOs86_z4XOtM65zrE%3D,song,TELIOOO PROGRAMA SIXARITIRIA tragoudia me noima kai pono!!!!!!!,2020-11-27
138,â™« 5 Î©ÏÎµÏ‚ Non Stop special!! ğŸ’“ğŸµ Î‘Ï€Î¿ÎºÎ»ÎµÎ¹ÏƒÏ„Î¹ÎºÎ¬ Î³Î¹Î± Î¼ÎµÏÎ±ÎºÎ»Î®Î´ÎµÏ‚! ğŸº Î£Ï„Î·Î½ Ï…Î³ÎµÎ¹Î¬ Î¼Î±Ï‚ Îº ÎŒÎ»Î¿Î¹ Î¿Î¹ ÎºÎ±Î»Î¿Î¯ Ï‡Ï‰ÏÎ¬Î½Îµ.,https://www.youtube.com/watch?v=gUeMZez8GzU&pp=ygUjzrXOu867zrfOvc65zrrOsSDPhM-BzrHOs86_z4XOtM65zrE%3D,song,Bravo Grcka,2020-11-27
139,â™« 5 Î©ÏÎµÏ‚ Non Stop special!! ğŸ’“ğŸµ Î‘Ï€Î¿ÎºÎ»ÎµÎ¹ÏƒÏ„Î¹ÎºÎ¬ Î³Î¹Î± Î¼ÎµÏÎ±ÎºÎ»Î®Î´ÎµÏ‚! ğŸº Î£Ï„Î·Î½ Ï…Î³ÎµÎ¹Î¬ Î¼Î±Ï‚ Îº ÎŒÎ»Î¿Î¹ Î¿Î¹ ÎºÎ±Î»Î¿Î¯ Ï‡Ï‰ÏÎ¬Î½Îµ.,https://www.youtube.com/watch?v=gUeMZez8GzU&pp=ygUjzrXOu867zrfOvc65zrrOsSDPhM-BzrHOs86_z4XOtM65zrE%3D,song,And I always loved greek woman's my girlfriend's family is from Greece,2023-08-27
140,â™« 5 Î©ÏÎµÏ‚ Non Stop special!! ğŸ’“ğŸµ Î‘Ï€Î¿ÎºÎ»ÎµÎ¹ÏƒÏ„Î¹ÎºÎ¬ Î³Î¹Î± Î¼ÎµÏÎ±ÎºÎ»Î®Î´ÎµÏ‚! ğŸº Î£Ï„Î·Î½ Ï…Î³ÎµÎ¹Î¬ Î¼Î±Ï‚ Îº ÎŒÎ»Î¿Î¹ Î¿Î¹ ÎºÎ±Î»Î¿Î¯ Ï‡Ï‰ÏÎ¬Î½Îµ.,https://www.youtube.com/watch?v=gUeMZez8GzU&pp=ygUjzrXOu867zrfOvc65zrrOsSDPhM-BzrHOs86_z4XOtM65zrE%3D,song,"GÃ¶zlerim Fide kÃ¶ksal,Ä± arada nerede o zarif hanÄ±mefendi??? Bu gecenin gÃ¼zelliÄŸine gÃ¼zellik katardÄ±!!!",2022-11-27
141,â™« 5 Î©ÏÎµÏ‚ Non Stop special!! ğŸ’“ğŸµ Î‘Ï€Î¿ÎºÎ»ÎµÎ¹ÏƒÏ„Î¹ÎºÎ¬ Î³Î¹Î± Î¼ÎµÏÎ±ÎºÎ»Î®Î´ÎµÏ‚! ğŸº Î£Ï„Î·Î½ Ï…Î³ÎµÎ¹Î¬ Î¼Î±Ï‚ Îº ÎŒÎ»Î¿Î¹ Î¿Î¹ ÎºÎ±Î»Î¿Î¯ Ï‡Ï‰ÏÎ¬Î½Îµ.,https://www.youtube.com/watch?v=gUeMZez8GzU&pp=ygUjzrXOu867zrfOvc65zrrOsSDPhM-BzrHOs86_z4XOtM65zrE%3D,song,01:40:25 This is what you came for,2022-11-27
142,â™« 5 Î©ÏÎµÏ‚ Non Stop special!! ğŸ’“ğŸµ Î‘Ï€Î¿ÎºÎ»ÎµÎ¹ÏƒÏ„Î¹ÎºÎ¬ Î³Î¹Î± Î¼ÎµÏÎ±ÎºÎ»Î®Î´ÎµÏ‚! ğŸº Î£Ï„Î·Î½ Ï…Î³ÎµÎ¹Î¬ Î¼Î±Ï‚ Îº ÎŒÎ»Î¿Î¹ Î¿Î¹ ÎºÎ±Î»Î¿Î¯ Ï‡Ï‰ÏÎ¬Î½Îµ.,https://www.youtube.com/watch?v=gUeMZez8GzU&pp=ygUjzrXOu867zrfOvc65zrrOsSDPhM-BzrHOs86_z4XOtM65zrE%3D,song,"That's the best way to enjoy your self, this is our way of life",2022-11-27
143,â™« 5 Î©ÏÎµÏ‚ Non Stop special!! ğŸ’“ğŸµ Î‘Ï€Î¿ÎºÎ»ÎµÎ¹ÏƒÏ„Î¹ÎºÎ¬ Î³Î¹Î± Î¼ÎµÏÎ±ÎºÎ»Î®Î´ÎµÏ‚! ğŸº Î£Ï„Î·Î½ Ï…Î³ÎµÎ¹Î¬ Î¼Î±Ï‚ Îº ÎŒÎ»Î¿Î¹ Î¿Î¹ ÎºÎ±Î»Î¿Î¯ Ï‡Ï‰ÏÎ¬Î½Îµ.,https://www.youtube.com/watch?v=gUeMZez8GzU&pp=ygUjzrXOu867zrfOvc65zrrOsSDPhM-BzrHOs86_z4XOtM65zrE%3D,song,Poli Poli orea ï¸,2021-11-27
144,â™« 5 Î©ÏÎµÏ‚ Non Stop special!! ğŸ’“ğŸµ Î‘Ï€Î¿ÎºÎ»ÎµÎ¹ÏƒÏ„Î¹ÎºÎ¬ Î³Î¹Î± Î¼ÎµÏÎ±ÎºÎ»Î®Î´ÎµÏ‚! ğŸº Î£Ï„Î·Î½ Ï…Î³ÎµÎ¹Î¬ Î¼Î±Ï‚ Îº ÎŒÎ»Î¿Î¹ Î¿Î¹ ÎºÎ±Î»Î¿Î¯ Ï‡Ï‰ÏÎ¬Î½Îµ.,https://www.youtube.com/watch?v=gUeMZez8GzU&pp=ygUjzrXOu867zrfOvc65zrrOsSDPhM-BzrHOs86_z4XOtM65zrE%3D,song,the more pretty music !!!,2021-11-27
145,â™« 5 Î©ÏÎµÏ‚ Non Stop special!! ğŸ’“ğŸµ Î‘Ï€Î¿ÎºÎ»ÎµÎ¹ÏƒÏ„Î¹ÎºÎ¬ Î³Î¹Î± Î¼ÎµÏÎ±ÎºÎ»Î®Î´ÎµÏ‚! ğŸº Î£Ï„Î·Î½ Ï…Î³ÎµÎ¹Î¬ Î¼Î±Ï‚ Îº ÎŒÎ»Î¿Î¹ Î¿Î¹ ÎºÎ±Î»Î¿Î¯ Ï‡Ï‰ÏÎ¬Î½Îµ.,https://www.youtube.com/watch?v=gUeMZez8GzU&pp=ygUjzrXOu867zrfOvc65zrrOsSDPhM-BzrHOs86_z4XOtM65zrE%3D,song,Gluhen e tÃ« parÃ«ve kÃ«ndoni e mos e harroni o ArbÃ«ror.,2022-11-27
146,â™« 5 Î©ÏÎµÏ‚ Non Stop special!! ğŸ’“ğŸµ Î‘Ï€Î¿ÎºÎ»ÎµÎ¹ÏƒÏ„Î¹ÎºÎ¬ Î³Î¹Î± Î¼ÎµÏÎ±ÎºÎ»Î®Î´ÎµÏ‚! ğŸº Î£Ï„Î·Î½ Ï…Î³ÎµÎ¹Î¬ Î¼Î±Ï‚ Îº ÎŒÎ»Î¿Î¹ Î¿Î¹ ÎºÎ±Î»Î¿Î¯ Ï‡Ï‰ÏÎ¬Î½Îµ.,https://www.youtube.com/watch?v=gUeMZez8GzU&pp=ygUjzrXOu867zrfOvc65zrrOsSDPhM-BzrHOs86_z4XOtM65zrE%3D,song,Bravo ellada suprem.,2021-11-27
147,â™« 5 Î©ÏÎµÏ‚ Non Stop special!! ğŸ’“ğŸµ Î‘Ï€Î¿ÎºÎ»ÎµÎ¹ÏƒÏ„Î¹ÎºÎ¬ Î³Î¹Î± Î¼ÎµÏÎ±ÎºÎ»Î®Î´ÎµÏ‚! ğŸº Î£Ï„Î·Î½ Ï…Î³ÎµÎ¹Î¬ Î¼Î±Ï‚ Îº ÎŒÎ»Î¿Î¹ Î¿Î¹ ÎºÎ±Î»Î¿Î¯ Ï‡Ï‰ÏÎ¬Î½Îµ.,https://www.youtube.com/watch?v=gUeMZez8GzU&pp=ygUjzrXOu867zrfOvc65zrrOsSDPhM-BzrHOs86_z4XOtM65zrE%3D,song,Bravo,2022-11-27
148,â™« 5 Î©ÏÎµÏ‚ Non Stop special!! ğŸ’“ğŸµ Î‘Ï€Î¿ÎºÎ»ÎµÎ¹ÏƒÏ„Î¹ÎºÎ¬ Î³Î¹Î± Î¼ÎµÏÎ±ÎºÎ»Î®Î´ÎµÏ‚! ğŸº Î£Ï„Î·Î½ Ï…Î³ÎµÎ¹Î¬ Î¼Î±Ï‚ Îº ÎŒÎ»Î¿Î¹ Î¿Î¹ ÎºÎ±Î»Î¿Î¯ Ï‡Ï‰ÏÎ¬Î½Îµ.,https://www.youtube.com/watch?v=gUeMZez8GzU&pp=ygUjzrXOu867zrfOvc65zrrOsSDPhM-BzrHOs86_z4XOtM65zrE%3D,song,WOW SUPER SUPER,2022-11-27
149,â™« 5 Î©ÏÎµÏ‚ Non Stop special!! ğŸ’“ğŸµ Î‘Ï€Î¿ÎºÎ»ÎµÎ¹ÏƒÏ„Î¹ÎºÎ¬ Î³Î¹Î± Î¼ÎµÏÎ±ÎºÎ»Î®Î´ÎµÏ‚! ğŸº Î£Ï„Î·Î½ Ï…Î³ÎµÎ¹Î¬ Î¼Î±Ï‚ Îº ÎŒÎ»Î¿Î¹ Î¿Î¹ ÎºÎ±Î»Î¿Î¯ Ï‡Ï‰ÏÎ¬Î½Îµ.,https://www.youtube.com/watch?v=gUeMZez8GzU&pp=ygUjzrXOu867zrfOvc65zrrOsSDPhM-BzrHOs86_z4XOtM65zrE%3D,song,,2020-11-27
150,â™« 5 Î©ÏÎµÏ‚ Non Stop special!! ğŸ’“ğŸµ Î‘Ï€Î¿ÎºÎ»ÎµÎ¹ÏƒÏ„Î¹ÎºÎ¬ Î³Î¹Î± Î¼ÎµÏÎ±ÎºÎ»Î®Î´ÎµÏ‚! ğŸº Î£Ï„Î·Î½ Ï…Î³ÎµÎ¹Î¬ Î¼Î±Ï‚ Îº ÎŒÎ»Î¿Î¹ Î¿Î¹ ÎºÎ±Î»Î¿Î¯ Ï‡Ï‰ÏÎ¬Î½Îµ.,https://www.youtube.com/watch?v=gUeMZez8GzU&pp=ygUjzrXOu867zrfOvc65zrrOsSDPhM-BzrHOs86_z4XOtM65zrE%3D,song,,2022-11-27
151,â™« 5 Î©ÏÎµÏ‚ Non Stop special!! ğŸ’“ğŸµ Î‘Ï€Î¿ÎºÎ»ÎµÎ¹ÏƒÏ„Î¹ÎºÎ¬ Î³Î¹Î± Î¼ÎµÏÎ±ÎºÎ»Î®Î´ÎµÏ‚! ğŸº Î£Ï„Î·Î½ Ï…Î³ÎµÎ¹Î¬ Î¼Î±Ï‚ Îº ÎŒÎ»Î¿Î¹ Î¿Î¹ ÎºÎ±Î»Î¿Î¯ Ï‡Ï‰ÏÎ¬Î½Îµ.,https://www.youtube.com/watch?v=gUeMZez8GzU&pp=ygUjzrXOu867zrfOvc65zrrOsSDPhM-BzrHOs86_z4XOtM65zrE%3D,song, paola ,2021-11-27
152,Î— Î Î¡Î©Î¤Î— ÎœÎŸÎ¥ SOLO ÎÎ™ÎšÎ— Î£Î¤ÎŸ FORTNITE! (Fortnite Battle Royale),https://www.youtube.com/watch?v=0Pm5rzq26aY&pp=ygUOZ3JlZWsgZm9ydG5pdGU%3D,gaming,"Eyxaristo re gianuba!Troo kotosoupa kai exo vixa,ponaei olo to stithos kai ta xeria m kai esi me ekanes xaroumeno
me to vid s!:)P.S. mpes kapia mera na paixume mazi na se matho<33 :)",2018-11-27
153,Î— Î Î¡Î©Î¤Î— ÎœÎŸÎ¥ SOLO ÎÎ™ÎšÎ— Î£Î¤ÎŸ FORTNITE! (Fortnite Battle Royale),https://www.youtube.com/watch?v=0Pm5rzq26aY&pp=ygUOZ3JlZWsgZm9ydG5pdGU%3D,gaming,eisai telios kai pro,2018-11-27
154,Î— Î Î¡Î©Î¤Î— ÎœÎŸÎ¥ SOLO ÎÎ™ÎšÎ— Î£Î¤ÎŸ FORTNITE! (Fortnite Battle Royale),https://www.youtube.com/watch?v=0Pm5rzq26aY&pp=ygUOZ3JlZWsgZm9ydG5pdGU%3D,gaming,Ego epiasa to 1o solo win sta genethlia doro tis epic games ,2018-11-27
155,Î— Î Î¡Î©Î¤Î— ÎœÎŸÎ¥ SOLO ÎÎ™ÎšÎ— Î£Î¤ÎŸ FORTNITE! (Fortnite Battle Royale),https://www.youtube.com/watch?v=0Pm5rzq26aY&pp=ygUOZ3JlZWsgZm9ydG5pdGU%3D,gaming,Eisai o kaliteros sto fortnite,2018-11-27
156,Î— Î Î¡Î©Î¤Î— ÎœÎŸÎ¥ SOLO ÎÎ™ÎšÎ— Î£Î¤ÎŸ FORTNITE! (Fortnite Battle Royale),https://www.youtube.com/watch?v=0Pm5rzq26aY&pp=ygUOZ3JlZWsgZm9ydG5pdGU%3D,gaming,Para polu wraios sto solo fornite teke,2018-11-27
157,Î— Î Î¡Î©Î¤Î— ÎœÎŸÎ¥ SOLO ÎÎ™ÎšÎ— Î£Î¤ÎŸ FORTNITE! (Fortnite Battle Royale),https://www.youtube.com/watch?v=0Pm5rzq26aY&pp=ygUOZ3JlZWsgZm9ydG5pdGU%3D,gaming,PEKSE SKYWARS NA PAREI EKDIKISH O STEFANOS (EIMAI ME TO TEAM TOU ALEKSANDROU KAI TOU STEFANOU),2018-11-27
158,Î— Î Î¡Î©Î¤Î— ÎœÎŸÎ¥ SOLO ÎÎ™ÎšÎ— Î£Î¤ÎŸ FORTNITE! (Fortnite Battle Royale),https://www.youtube.com/watch?v=0Pm5rzq26aY&pp=ygUOZ3JlZWsgZm9ydG5pdGU%3D,gaming,To slurp einai pio poli gia to health,2018-11-27
159,Î— Î Î¡Î©Î¤Î— ÎœÎŸÎ¥ SOLO ÎÎ™ÎšÎ— Î£Î¤ÎŸ FORTNITE! (Fortnite Battle Royale),https://www.youtube.com/watch?v=0Pm5rzq26aY&pp=ygUOZ3JlZWsgZm9ydG5pdGU%3D,gaming,Gianuba oti paixnidi pexeis eise poli kalos mpavo,2018-11-27
160,Î— Î Î¡Î©Î¤Î— ÎœÎŸÎ¥ SOLO ÎÎ™ÎšÎ— Î£Î¤ÎŸ FORTNITE! (Fortnite Battle Royale),https://www.youtube.com/watch?v=0Pm5rzq26aY&pp=ygUOZ3JlZWsgZm9ydG5pdGU%3D,gaming,apo mena kaliteros ,2018-11-27
161,Î— Î Î¡Î©Î¤Î— ÎœÎŸÎ¥ SOLO ÎÎ™ÎšÎ— Î£Î¤ÎŸ FORTNITE! (Fortnite Battle Royale),https://www.youtube.com/watch?v=0Pm5rzq26aY&pp=ygUOZ3JlZWsgZm9ydG5pdGU%3D,gaming,Perimena 626515 wins se solo :P,2018-11-27
162,Î— Î Î¡Î©Î¤Î— ÎœÎŸÎ¥ SOLO ÎÎ™ÎšÎ— Î£Î¤ÎŸ FORTNITE! (Fortnite Battle Royale),https://www.youtube.com/watch?v=0Pm5rzq26aY&pp=ygUOZ3JlZWsgZm9ydG5pdGU%3D,gaming,Gianuba fortnite videos -= best vids,2018-11-27
163,Î— Î Î¡Î©Î¤Î— ÎœÎŸÎ¥ SOLO ÎÎ™ÎšÎ— Î£Î¤ÎŸ FORTNITE! (Fortnite Battle Royale),https://www.youtube.com/watch?v=0Pm5rzq26aY&pp=ygUOZ3JlZWsgZm9ydG5pdGU%3D,gaming,Entajei o tekes pezei ta 2 kalitera pexnidia mc kai fortnite oreos!!!,2018-11-27
164,Î— Î Î¡Î©Î¤Î— ÎœÎŸÎ¥ SOLO ÎÎ™ÎšÎ— Î£Î¤ÎŸ FORTNITE! (Fortnite Battle Royale),https://www.youtube.com/watch?v=0Pm5rzq26aY&pp=ygUOZ3JlZWsgZm9ydG5pdGU%3D,gaming,sto 5:42 bugare to drop,2020-11-27
165,Î— Î Î¡Î©Î¤Î— ÎœÎŸÎ¥ SOLO ÎÎ™ÎšÎ— Î£Î¤ÎŸ FORTNITE! (Fortnite Battle Royale),https://www.youtube.com/watch?v=0Pm5rzq26aY&pp=ygUOZ3JlZWsgZm9ydG5pdGU%3D,gaming,Gianouba eisai telios se eixa dei kai sto dexpi 2017,2019-11-27
166,Î— Î Î¡Î©Î¤Î— ÎœÎŸÎ¥ SOLO ÎÎ™ÎšÎ— Î£Î¤ÎŸ FORTNITE! (Fortnite Battle Royale),https://www.youtube.com/watch?v=0Pm5rzq26aY&pp=ygUOZ3JlZWsgZm9ydG5pdGU%3D,gaming,Nice Trele Teke :),2018-11-27
167,Î— Î Î¡Î©Î¤Î— ÎœÎŸÎ¥ SOLO ÎÎ™ÎšÎ— Î£Î¤ÎŸ FORTNITE! (Fortnite Battle Royale),https://www.youtube.com/watch?v=0Pm5rzq26aY&pp=ygUOZ3JlZWsgZm9ydG5pdGU%3D,gaming,to oplaki pou exeis sto 3:00 einai to agapimeno mou,2018-11-27
168,Î— Î Î¡Î©Î¤Î— ÎœÎŸÎ¥ SOLO ÎÎ™ÎšÎ— Î£Î¤ÎŸ FORTNITE! (Fortnite Battle Royale),https://www.youtube.com/watch?v=0Pm5rzq26aY&pp=ygUOZ3JlZWsgZm9ydG5pdGU%3D,gaming,Pos ghnete na eisai toso pro se ola mporois na mou matheis pls,2018-11-27
169,Î— Î Î¡Î©Î¤Î— ÎœÎŸÎ¥ SOLO ÎÎ™ÎšÎ— Î£Î¤ÎŸ FORTNITE! (Fortnite Battle Royale),https://www.youtube.com/watch?v=0Pm5rzq26aY&pp=ygUOZ3JlZWsgZm9ydG5pdGU%3D,gaming,Wraio vid patsola <3,2018-11-27
170,Î— Î Î¡Î©Î¤Î— ÎœÎŸÎ¥ SOLO ÎÎ™ÎšÎ— Î£Î¤ÎŸ FORTNITE! (Fortnite Battle Royale),https://www.youtube.com/watch?v=0Pm5rzq26aY&pp=ygUOZ3JlZWsgZm9ydG5pdGU%3D,gaming,Thumbs up,2018-11-27
171,Î— Î Î¡Î©Î¤Î— ÎœÎŸÎ¥ SOLO ÎÎ™ÎšÎ— Î£Î¤ÎŸ FORTNITE! (Fortnite Battle Royale),https://www.youtube.com/watch?v=0Pm5rzq26aY&pp=ygUOZ3JlZWsgZm9ydG5pdGU%3D,gaming,Kane tutorial me to pos na paroume to twitch prime skins sto fortnite,2018-11-27
172,Î— Î Î¡Î©Î¤Î— ÎœÎŸÎ¥ SOLO ÎÎ™ÎšÎ— Î£Î¤ÎŸ FORTNITE! (Fortnite Battle Royale),https://www.youtube.com/watch?v=0Pm5rzq26aY&pp=ygUOZ3JlZWsgZm9ydG5pdGU%3D,gaming,O Winds sou espase   ola ta blocks apo ton dromo pou exeis ftia3ei sto SMP,2018-11-27
173,Î— Î Î¡Î©Î¤Î— ÎœÎŸÎ¥ SOLO ÎÎ™ÎšÎ— Î£Î¤ÎŸ FORTNITE! (Fortnite Battle Royale),https://www.youtube.com/watch?v=0Pm5rzq26aY&pp=ygUOZ3JlZWsgZm9ydG5pdGU%3D,gaming,gianuba pane des to neo video tou winds se proskalese,2018-11-27
174,Î— Î Î¡Î©Î¤Î— ÎœÎŸÎ¥ SOLO ÎÎ™ÎšÎ— Î£Î¤ÎŸ FORTNITE! (Fortnite Battle Royale),https://www.youtube.com/watch?v=0Pm5rzq26aY&pp=ygUOZ3JlZWsgZm9ydG5pdGU%3D,gaming,Poso sou pire gia to first win?,2018-11-27
175,Î— Î Î¡Î©Î¤Î— ÎœÎŸÎ¥ SOLO ÎÎ™ÎšÎ— Î£Î¤ÎŸ FORTNITE! (Fortnite Battle Royale),https://www.youtube.com/watch?v=0Pm5rzq26aY&pp=ygUOZ3JlZWsgZm9ydG5pdGU%3D,gaming,teleios opos panta  ama ues kane me friend me lene Ven_GR,2018-11-27
176,Î— Î Î¡Î©Î¤Î— ÎœÎŸÎ¥ SOLO ÎÎ™ÎšÎ— Î£Î¤ÎŸ FORTNITE! (Fortnite Battle Royale),https://www.youtube.com/watch?v=0Pm5rzq26aY&pp=ygUOZ3JlZWsgZm9ydG5pdGU%3D,gaming,re gianuba o w1ndz wimai apo allo acount mpravo synixise etsi paiktara,2018-11-27
177,Î— Î Î¡Î©Î¤Î— ÎœÎŸÎ¥ SOLO ÎÎ™ÎšÎ— Î£Î¤ÎŸ FORTNITE! (Fortnite Battle Royale),https://www.youtube.com/watch?v=0Pm5rzq26aY&pp=ygUOZ3JlZWsgZm9ydG5pdGU%3D,gaming,6:36,2018-11-27
178,Î— Î Î¡Î©Î¤Î— ÎœÎŸÎ¥ SOLO ÎÎ™ÎšÎ— Î£Î¤ÎŸ FORTNITE! (Fortnite Battle Royale),https://www.youtube.com/watch?v=0Pm5rzq26aY&pp=ygUOZ3JlZWsgZm9ydG5pdGU%3D,gaming,elpizw na pas 1000 wins :),2018-11-27
179,Î— Î Î¡Î©Î¤Î— ÎœÎŸÎ¥ SOLO ÎÎ™ÎšÎ— Î£Î¤ÎŸ FORTNITE! (Fortnite Battle Royale),https://www.youtube.com/watch?v=0Pm5rzq26aY&pp=ygUOZ3JlZWsgZm9ydG5pdGU%3D,gaming,thelw k gw na pexw forthnite... ala exw toso fail pc pou to frothnite to sikonw me 15 fps me ola ta setting sta full low..... ala dn pirazei exoume kai esena na mas matheneis na pezoume mexri na parw kenourio pc gia na pezw k gw ,2018-11-27
180,Î— Î Î¡Î©Î¤Î— ÎœÎŸÎ¥ SOLO ÎÎ™ÎšÎ— Î£Î¤ÎŸ FORTNITE! (Fortnite Battle Royale),https://www.youtube.com/watch?v=0Pm5rzq26aY&pp=ygUOZ3JlZWsgZm9ydG5pdGU%3D,gaming,Po 're gianuba is the best,2018-11-27
181,Î— Î Î¡Î©Î¤Î— ÎœÎŸÎ¥ SOLO ÎÎ™ÎšÎ— Î£Î¤ÎŸ FORTNITE! (Fortnite Battle Royale),https://www.youtube.com/watch?v=0Pm5rzq26aY&pp=ygUOZ3JlZWsgZm9ydG5pdGU%3D,gaming,Yo teke traba tsekare ton w1ndz good luck,2018-11-27
182,Î— Î Î¡Î©Î¤Î— ÎœÎŸÎ¥ SOLO ÎÎ™ÎšÎ— Î£Î¤ÎŸ FORTNITE! (Fortnite Battle Royale),https://www.youtube.com/watch?v=0Pm5rzq26aY&pp=ygUOZ3JlZWsgZm9ydG5pdGU%3D,gaming,6:36,2018-11-27
183,Î— Î Î¡Î©Î¤Î— ÎœÎŸÎ¥ SOLO ÎÎ™ÎšÎ— Î£Î¤ÎŸ FORTNITE! (Fortnite Battle Royale),https://www.youtube.com/watch?v=0Pm5rzq26aY&pp=ygUOZ3JlZWsgZm9ydG5pdGU%3D,gaming,eisai foveros,2018-11-27
184,Î— Î Î¡Î©Î¤Î— ÎœÎŸÎ¥ SOLO ÎÎ™ÎšÎ— Î£Î¤ÎŸ FORTNITE! (Fortnite Battle Royale),https://www.youtube.com/watch?v=0Pm5rzq26aY&pp=ygUOZ3JlZWsgZm9ydG5pdGU%3D,gaming,Nice! Teke,2018-11-27
185,Î— Î Î¡Î©Î¤Î— ÎœÎŸÎ¥ SOLO ÎÎ™ÎšÎ— Î£Î¤ÎŸ FORTNITE! (Fortnite Battle Royale),https://www.youtube.com/watch?v=0Pm5rzq26aY&pp=ygUOZ3JlZWsgZm9ydG5pdGU%3D,gaming,6:30,2018-11-27
186,Î— Î Î¡Î©Î¤Î— ÎœÎŸÎ¥ SOLO ÎÎ™ÎšÎ— Î£Î¤ÎŸ FORTNITE! (Fortnite Battle Royale),https://www.youtube.com/watch?v=0Pm5rzq26aY&pp=ygUOZ3JlZWsgZm9ydG5pdGU%3D,gaming,Gianuba22eisai apisteutos paroloupou den apantas stin erotisi me to 30 fov challege skywars logika then theleis....,2018-11-27
187,Î— Î Î¡Î©Î¤Î— ÎœÎŸÎ¥ SOLO ÎÎ™ÎšÎ— Î£Î¤ÎŸ FORTNITE! (Fortnite Battle Royale),https://www.youtube.com/watch?v=0Pm5rzq26aY&pp=ygUOZ3JlZWsgZm9ydG5pdGU%3D,gaming,#DeagleArmy ,2018-11-27
188,Î— Î Î¡Î©Î¤Î— ÎœÎŸÎ¥ SOLO ÎÎ™ÎšÎ— Î£Î¤ÎŸ FORTNITE! (Fortnite Battle Royale),https://www.youtube.com/watch?v=0Pm5rzq26aY&pp=ygUOZ3JlZWsgZm9ydG5pdGU%3D,gaming,<3,2018-11-27
189,Î— Î Î¡Î©Î¤Î— ÎœÎŸÎ¥ SOLO ÎÎ™ÎšÎ— Î£Î¤ÎŸ FORTNITE! (Fortnite Battle Royale),https://www.youtube.com/watch?v=0Pm5rzq26aY&pp=ygUOZ3JlZWsgZm9ydG5pdGU%3D,gaming,6:29 hahahahahahahhahahah,2018-11-27
190,Î— Î Î¡Î©Î¤Î— ÎœÎŸÎ¥ SOLO ÎÎ™ÎšÎ— Î£Î¤ÎŸ FORTNITE! (Fortnite Battle Royale),https://www.youtube.com/watch?v=0Pm5rzq26aY&pp=ygUOZ3JlZWsgZm9ydG5pdGU%3D,gaming,Pro,2019-11-27
191,"Î¤ÎŸ Î Î™ÎŸ Î£Î Î‘Î£ÎœÎ•ÎÎŸ ITEM Î”Î•Î Î•Î™ÎÎ‘Î™ Î‘Î¥Î¤ÎŸ Î ÎŸÎ¥ ÎÎŸÎœÎ™Î–Î•Î™Î£! (Fortnite 4 Greek) ft. PanosDent, Alekkun",https://www.youtube.com/watch?v=5KAkrtjKIHU&pp=ygUOZ3JlZWsgZm9ydG5pdGU%3D,gaming,PDT project team ,2022-12-27
192,"Î¤ÎŸ Î Î™ÎŸ Î£Î Î‘Î£ÎœÎ•ÎÎŸ ITEM Î”Î•Î Î•Î™ÎÎ‘Î™ Î‘Î¥Î¤ÎŸ Î ÎŸÎ¥ ÎÎŸÎœÎ™Î–Î•Î™Î£! (Fortnite 4 Greek) ft. PanosDent, Alekkun",https://www.youtube.com/watch?v=5KAkrtjKIHU&pp=ygUOZ3JlZWsgZm9ydG5pdGU%3D,gaming,7:34 AFTON TON BOWNESE,2022-12-27
193,"Î¤ÎŸ Î Î™ÎŸ Î£Î Î‘Î£ÎœÎ•ÎÎŸ ITEM Î”Î•Î Î•Î™ÎÎ‘Î™ Î‘Î¥Î¤ÎŸ Î ÎŸÎ¥ ÎÎŸÎœÎ™Î–Î•Î™Î£! (Fortnite 4 Greek) ft. PanosDent, Alekkun",https://www.youtube.com/watch?v=5KAkrtjKIHU&pp=ygUOZ3JlZWsgZm9ydG5pdGU%3D,gaming,Pote tha kaneis live,2022-12-27
194,"Î¤ÎŸ Î Î™ÎŸ Î£Î Î‘Î£ÎœÎ•ÎÎŸ ITEM Î”Î•Î Î•Î™ÎÎ‘Î™ Î‘Î¥Î¤ÎŸ Î ÎŸÎ¥ ÎÎŸÎœÎ™Î–Î•Î™Î£! (Fortnite 4 Greek) ft. PanosDent, Alekkun",https://www.youtube.com/watch?v=5KAkrtjKIHU&pp=ygUOZ3JlZWsgZm9ydG5pdGU%3D,gaming,,2022-12-27
195,"Î¤ÎŸ Î Î™ÎŸ Î£Î Î‘Î£ÎœÎ•ÎÎŸ ITEM Î”Î•Î Î•Î™ÎÎ‘Î™ Î‘Î¥Î¤ÎŸ Î ÎŸÎ¥ ÎÎŸÎœÎ™Î–Î•Î™Î£! (Fortnite 4 Greek) ft. PanosDent, Alekkun",https://www.youtube.com/watch?v=5KAkrtjKIHU&pp=ygUOZ3JlZWsgZm9ydG5pdGU%3D,gaming,first,2022-12-27
196,Î— ÎšÎ±Ï„Î±ÏƒÏ„ÏÎ¿Ï†Î® Ï„Î¿Ï… Fortnite Battle Royale,https://www.youtube.com/watch?v=v8b3oGnXyOE&pp=ygUOZ3JlZWsgZm9ydG5pdGU%3D,gaming,Instagram: sonsoyt ,2023-04-27
197,Î— ÎšÎ±Ï„Î±ÏƒÏ„ÏÎ¿Ï†Î® Ï„Î¿Ï… Fortnite Battle Royale,https://www.youtube.com/watch?v=v8b3oGnXyOE&pp=ygUOZ3JlZWsgZm9ydG5pdGU%3D,gaming,Good old memories ğŸ¥¹,2023-05-27
198,Î— ÎšÎ±Ï„Î±ÏƒÏ„ÏÎ¿Ï†Î® Ï„Î¿Ï… Fortnite Battle Royale,https://www.youtube.com/watch?v=v8b3oGnXyOE&pp=ygUOZ3JlZWsgZm9ydG5pdGU%3D,gaming,mono kala exi auto to kanali'.bravo sinexise etsi.,2023-06-27
199,Î— ÎšÎ±Ï„Î±ÏƒÏ„ÏÎ¿Ï†Î® Ï„Î¿Ï… Fortnite Battle Royale,https://www.youtube.com/watch?v=v8b3oGnXyOE&pp=ygUOZ3JlZWsgZm9ydG5pdGU%3D,gaming,Pls kame thn istoria tou rochet lauge pls sonso,2023-04-27
200,Î— ÎšÎ±Ï„Î±ÏƒÏ„ÏÎ¿Ï†Î® Ï„Î¿Ï… Fortnite Battle Royale,https://www.youtube.com/watch?v=v8b3oGnXyOE&pp=ygUOZ3JlZWsgZm9ydG5pdGU%3D,gaming,part 2!,2023-04-27
201,Î— ÎšÎ±Ï„Î±ÏƒÏ„ÏÎ¿Ï†Î® Ï„Î¿Ï… Fortnite Battle Royale,https://www.youtube.com/watch?v=v8b3oGnXyOE&pp=ygUOZ3JlZWsgZm9ydG5pdGU%3D,gaming,Ise o kaliteros youtuber,2023-04-27
202,Î— ÎšÎ±Ï„Î±ÏƒÏ„ÏÎ¿Ï†Î® Ï„Î¿Ï… Fortnite Battle Royale,https://www.youtube.com/watch?v=v8b3oGnXyOE&pp=ygUOZ3JlZWsgZm9ydG5pdGU%3D,gaming,Fortnite needs to see this video,2023-04-27
203,Î— ÎšÎ±Ï„Î±ÏƒÏ„ÏÎ¿Ï†Î® Ï„Î¿Ï… Fortnite Battle Royale,https://www.youtube.com/watch?v=v8b3oGnXyOE&pp=ygUOZ3JlZWsgZm9ydG5pdGU%3D,gaming,"Pleon to fortnite exei valei na vlepume in game ta numera tu se Kathe mode  k synithos synolika  san game exei 2 Mill players  online  tautoxrona Kathe mera  
Exei pesei  vevea s sxesh  me palia alaauto fysiko  einsi ola ta games kanun ton kyklo toys  ala kai pali exei insane numera akoma",2023-04-27
204,Î— ÎšÎ±Ï„Î±ÏƒÏ„ÏÎ¿Ï†Î® Ï„Î¿Ï… Fortnite Battle Royale,https://www.youtube.com/watch?v=v8b3oGnXyOE&pp=ygUOZ3JlZWsgZm9ydG5pdGU%3D,gaming,kane vd pou na les thn istoria tou 2j pls,2023-04-27
205,Î— ÎšÎ±Ï„Î±ÏƒÏ„ÏÎ¿Ï†Î® Ï„Î¿Ï… Fortnite Battle Royale,https://www.youtube.com/watch?v=v8b3oGnXyOE&pp=ygUOZ3JlZWsgZm9ydG5pdGU%3D,gaming,respect,2023-04-27
206,Î— ÎšÎ±Ï„Î±ÏƒÏ„ÏÎ¿Ï†Î® Ï„Î¿Ï… Fortnite Battle Royale,https://www.youtube.com/watch?v=v8b3oGnXyOE&pp=ygUOZ3JlZWsgZm9ydG5pdGU%3D,gaming,Teloio,2023-04-27
207,Î— ÎšÎ±Ï„Î±ÏƒÏ„ÏÎ¿Ï†Î® Ï„Î¿Ï… Fortnite Battle Royale,https://www.youtube.com/watch?v=v8b3oGnXyOE&pp=ygUOZ3JlZWsgZm9ydG5pdGU%3D,gaming,nostalgia stin arxei,2023-07-27
208,Î— ÎšÎ±Ï„Î±ÏƒÏ„ÏÎ¿Ï†Î® Ï„Î¿Ï… Fortnite Battle Royale,https://www.youtube.com/watch?v=v8b3oGnXyOE&pp=ygUOZ3JlZWsgZm9ydG5pdGU%3D,gaming,Sosa,2023-04-27
209,Î— ÎšÎ±Ï„Î±ÏƒÏ„ÏÎ¿Ï†Î® Ï„Î¿Ï… Fortnite Battle Royale,https://www.youtube.com/watch?v=v8b3oGnXyOE&pp=ygUOZ3JlZWsgZm9ydG5pdGU%3D,gaming,"9,5/10",2023-05-27
210,Î— ÎšÎ±Ï„Î±ÏƒÏ„ÏÎ¿Ï†Î® Ï„Î¿Ï… Fortnite Battle Royale,https://www.youtube.com/watch?v=v8b3oGnXyOE&pp=ygUOZ3JlZWsgZm9ydG5pdGU%3D,gaming,,2023-05-27
211,Î— ÎšÎ±Ï„Î±ÏƒÏ„ÏÎ¿Ï†Î® Ï„Î¿Ï… Fortnite Battle Royale,https://www.youtube.com/watch?v=v8b3oGnXyOE&pp=ygUOZ3JlZWsgZm9ydG5pdGU%3D,gaming,Teleio to video tha mporouses na kaneis kti paromio px free fire brawl stars roblox ktlp,2023-05-27
212,Î— ÎšÎ±Ï„Î±ÏƒÏ„ÏÎ¿Ï†Î® Ï„Î¿Ï… Fortnite Battle Royale,https://www.youtube.com/watch?v=v8b3oGnXyOE&pp=ygUOZ3JlZWsgZm9ydG5pdGU%3D,gaming,,2023-04-27
213,Î— ÎšÎ±Ï„Î±ÏƒÏ„ÏÎ¿Ï†Î® Ï„Î¿Ï… Fortnite Battle Royale,https://www.youtube.com/watch?v=v8b3oGnXyOE&pp=ygUOZ3JlZWsgZm9ydG5pdGU%3D,gaming,Kalo video,2023-04-27
214,Î— ÎšÎ±Ï„Î±ÏƒÏ„ÏÎ¿Ï†Î® Ï„Î¿Ï… Fortnite Battle Royale,https://www.youtube.com/watch?v=v8b3oGnXyOE&pp=ygUOZ3JlZWsgZm9ydG5pdGU%3D,gaming,13:50,2023-06-27
215,Î— ÎšÎ±Ï„Î±ÏƒÏ„ÏÎ¿Ï†Î® Ï„Î¿Ï… Fortnite Battle Royale,https://www.youtube.com/watch?v=v8b3oGnXyOE&pp=ygUOZ3JlZWsgZm9ydG5pdGU%3D,gaming,9 kai s10 arxise na pautei,2023-04-27
216,Î— ÎšÎ±Ï„Î±ÏƒÏ„ÏÎ¿Ï†Î® Ï„Î¿Ï… Fortnite Battle Royale,https://www.youtube.com/watch?v=v8b3oGnXyOE&pp=ygUOZ3JlZWsgZm9ydG5pdGU%3D,gaming,sosa!,2023-04-27
217,Î— ÎšÎ±Ï„Î±ÏƒÏ„ÏÎ¿Ï†Î® Ï„Î¿Ï… Fortnite Battle Royale,https://www.youtube.com/watch?v=v8b3oGnXyOE&pp=ygUOZ3JlZWsgZm9ydG5pdGU%3D,gaming,"bro  google trends xereis ti akrivos einai ?  ine to poso kanei search o kosmos kati pu kolaei auto me  ta concurrunet active players???  kamia sxesh to google trends me ta active players 
akoma kai simera to fortnite exei 86 monlty players lol  pleon pios ua kanei search to fortnite sto goggle eno hdh to xerun oloi??",2023-04-27
218,Î— ÎšÎ±Ï„Î±ÏƒÏ„ÏÎ¿Ï†Î® Ï„Î¿Ï… Fortnite Battle Royale,https://www.youtube.com/watch?v=v8b3oGnXyOE&pp=ygUOZ3JlZWsgZm9ydG5pdGU%3D,gaming,Sonso kane bidet me tin Istoria tou free fire,2023-06-27
219,Î— ÎšÎ±Ï„Î±ÏƒÏ„ÏÎ¿Ï†Î® Ï„Î¿Ï… Fortnite Battle Royale,https://www.youtube.com/watch?v=v8b3oGnXyOE&pp=ygUOZ3JlZWsgZm9ydG5pdGU%3D,gaming,Sosa,2023-04-27
220,Î— ÎšÎ±Ï„Î±ÏƒÏ„ÏÎ¿Ï†Î® Ï„Î¿Ï… Fortnite Battle Royale,https://www.youtube.com/watch?v=v8b3oGnXyOE&pp=ygUOZ3JlZWsgZm9ydG5pdGU%3D,gaming,Milese kapios gia mena,2023-06-27
221,Î— ÎšÎ±Ï„Î±ÏƒÏ„ÏÎ¿Ï†Î® Ï„Î¿Ï… Fortnite Battle Royale,https://www.youtube.com/watch?v=v8b3oGnXyOE&pp=ygUOZ3JlZWsgZm9ydG5pdGU%3D,gaming,Pes kai kati kalo gia to fortnite dhladh mono gia to minecraft tha les kala,2023-08-27
222,Î— ÎšÎ±Ï„Î±ÏƒÏ„ÏÎ¿Ï†Î® Ï„Î¿Ï… Fortnite Battle Royale,https://www.youtube.com/watch?v=v8b3oGnXyOE&pp=ygUOZ3JlZWsgZm9ydG5pdGU%3D,gaming,asxeto all exei balei k ton karpouzi o theoulhs,2023-06-27
223,Î— ÎšÎ±Ï„Î±ÏƒÏ„ÏÎ¿Ï†Î® Ï„Î¿Ï… Fortnite Battle Royale,https://www.youtube.com/watch?v=v8b3oGnXyOE&pp=ygUOZ3JlZWsgZm9ydG5pdGU%3D,gaming,Kane me free fire  please,2023-04-27
224,Î— ÎšÎ±Ï„Î±ÏƒÏ„ÏÎ¿Ï†Î® Ï„Î¿Ï… Fortnite Battle Royale,https://www.youtube.com/watch?v=v8b3oGnXyOE&pp=ygUOZ3JlZWsgZm9ydG5pdGU%3D,gaming,Kane tou free fire please,2023-04-27
225,Î— ÎšÎ±Ï„Î±ÏƒÏ„ÏÎ¿Ï†Î® Ï„Î¿Ï… Fortnite Battle Royale,https://www.youtube.com/watch?v=v8b3oGnXyOE&pp=ygUOZ3JlZWsgZm9ydG5pdGU%3D,gaming,SOSA,2023-04-27
226,Î— ÎšÎ±Ï„Î±ÏƒÏ„ÏÎ¿Ï†Î® Ï„Î¿Ï… Fortnite Battle Royale,https://www.youtube.com/watch?v=v8b3oGnXyOE&pp=ygUOZ3JlZWsgZm9ydG5pdGU%3D,gaming,First ,2023-04-27
227,Î— ÎšÎ±Ï„Î±ÏƒÏ„ÏÎ¿Ï†Î® Ï„Î¿Ï… Fortnite Battle Royale,https://www.youtube.com/watch?v=v8b3oGnXyOE&pp=ygUOZ3JlZWsgZm9ydG5pdGU%3D,gaming,O zisis,2023-04-27
228,Î— ÎšÎ±Ï„Î±ÏƒÏ„ÏÎ¿Ï†Î® Ï„Î¿Ï… Fortnite Battle Royale,https://www.youtube.com/watch?v=v8b3oGnXyOE&pp=ygUOZ3JlZWsgZm9ydG5pdGU%3D,gaming,Free fire,2023-04-27
229,Î— ÎšÎ±Ï„Î±ÏƒÏ„ÏÎ¿Ï†Î® Ï„Î¿Ï… Fortnite Battle Royale,https://www.youtube.com/watch?v=v8b3oGnXyOE&pp=ygUOZ3JlZWsgZm9ydG5pdGU%3D,gaming,????,2023-08-27
230,Î— ÎšÎ±Ï„Î±ÏƒÏ„ÏÎ¿Ï†Î® Ï„Î¿Ï… Fortnite Battle Royale,https://www.youtube.com/watch?v=v8b3oGnXyOE&pp=ygUOZ3JlZWsgZm9ydG5pdGU%3D,gaming,"Free fire
Free fire",2023-04-27
231,Î— ÎšÎ±Ï„Î±ÏƒÏ„ÏÎ¿Ï†Î® Ï„Î¿Ï… Fortnite Battle Royale,https://www.youtube.com/watch?v=v8b3oGnXyOE&pp=ygUOZ3JlZWsgZm9ydG5pdGU%3D,gaming,"Kane minecraftakiiiiiiiiiiiiiiii
Iiiiiiiiiiiiiiiiii
Iiiiiiioiiiiiioooi",2023-05-27
232,Î— ÎšÎ±Ï„Î±ÏƒÏ„ÏÎ¿Ï†Î® Ï„Î¿Ï… Fortnite Battle Royale,https://www.youtube.com/watch?v=v8b3oGnXyOE&pp=ygUOZ3JlZWsgZm9ydG5pdGU%3D,gaming,Sosa,2023-04-27
233,Î— ÎšÎ±Ï„Î±ÏƒÏ„ÏÎ¿Ï†Î® Ï„Î¿Ï… Fortnite Battle Royale,https://www.youtube.com/watch?v=v8b3oGnXyOE&pp=ygUOZ3JlZWsgZm9ydG5pdGU%3D,gaming,Sosa,2023-04-27
